è l'una,it's one o'clock | it is one o'clock
it's one o'clock | it is one o'clock,è l'una
coda,tail | queue | line | end
tail | queue | line | end,coda
dritto,straight | straight ahead
straight | straight ahead,dritto
come,how | like | as | what
how | like | as | what,come
a destra,to the right | on the right
to the right | on the right,a destra
arrivare,to arrive | arrive | arrives | arrived
to arrive | arrive | arrives | arrived,arrivare
sono le,it's | they are
it's | they are,sono le
dodici,twelve
twelve,dodici
scuse,excuse me | sorry | apologies
excuse me | sorry | apologies,scuse
scusi,excuse me
excuse me,scusi
che ore sono,what time is it
what time is it,che ore sono
scarico,dead | drainpipe | I dump | I unload | out of power
dead | drainpipe | I dump | I unload | out of power,scarico
meno,less | minus
less | minus,meno
finalmente,finally
finally,finalmente
preferisco,prefer | I like best | I like better
prefer | I like best | I like better,preferisco
utile,handy | profit | income | useful | helpful
handy | profit | income | useful | helpful,utile
marche,brands | march
brands | march,marche
economiche,cheap | economic | economics | economical
cheap | economic | economics | economical,economiche
più,most | plus | more | over | again
most | plus | more | over | again,più
quell',that | what | those
that | what | those,quell'
blu,blue
blue,blu
spendere,gone | went | going
gone | went | going,spendere
quella,that | what | those | that's
that | what | those | that's,quella
banco,bar | desk
bar | desk,banco
bianco,blanc | white | bianco
blanc | white | bianco,bianco
penna,pen
pen,penna
inutile,useless | unhelpful | unnecessary
useless | unhelpful | unnecessary,inutile
cartolina,postcard
postcard,cartolina
quello,that | what | those | that's
that | what | those | that's,quello
verde,green
green,verde
brutto,bad | ugly | poor | worse | nasty
bad | ugly | poor | worse | nasty,brutto
bambola,doll
doll,bambola
souvenir,mementos | souvenirs | souvenir
mementos | souvenirs | souvenir,souvenir
qualche,any | some | a few
any | some | a few,qualche
quel,that | what
that | what,quel
vendere,sold | shop | sell | stock | carry
sold | shop | sell | stock | carry,vendere
carino,kind | nice | cute | lovely | pretty
kind | nice | cute | lovely | pretty,carino
chiama,calls | rings | names | phones | 's name
calls | rings | names | phones | 's name,chiama
compra,buy | buys | bought | he purchases | you purchase
buy | buys | bought | he purchases | you purchase,compra
spazzatura,trash
trash,spazzatura
mazza,bat | club
bat | club,mazza
disgustoso,sick | gross | grossest | disgusting
sick | gross | grossest | disgusting,disgustoso
dolce,soft | cake | mild | sweet | candy
soft | cake | mild | sweet | candy,dolce
marco,mark | I brand | I emphasize | Marco
mark | I brand | I emphasize | Marco,marco
pulite,wash | clean | you clear up | you clear out | you do the housework
wash | clean | you clear up | you clear out | you do the housework,pulite
apri,open | clear | unlock | you undo | you head
open | clear | unlock | you undo | you head,apri
tutto,everything
everything,tutto
aprite,open | clear
open | clear,aprite
sporco,mark | used | soil | lousy | dirty
mark | used | soil | lousy | dirty,sporco
burro,butter
butter,burro
nello,in | on | to | by | inside
in | on | to | by | inside,nello
metti,keep | place
keep | place,metti
forno,oven | ovens | bakery | baker’s shop
oven | ovens | bakery | baker’s shop,forno
palle,ball | shot | balls
ball | shot | balls,palle
prato,lea | lawn | grass | meadow
lea | lawn | grass | meadow,prato
mettete,keep | place | you put on | you put up | you put in
keep | place | you put on | you put up | you put in,mettete
nella,to | in | by | into | whole
to | in | by | into | whole,nella
kilo,kilo
kilo,kilo
pentola,pot | pan | pots | potful | casserole
pot | pan | pots | potful | casserole,pentola
farina,flour
flour,farina
comprate,buy | square
buy | square,comprate
ricetta,method | remedy | recipe | recipes | prescription
method | remedy | recipe | recipes | prescription,ricetta
lavare,to wash
to wash,lavare
vacche,cows
cows,vacche
fanno,they do | they make | do | make
they do | they make | do | make,fanno
bicchiere,glass | goblets
glass | goblets,bicchiere
sua,her | his | its | hers | your
her | his | its | hers | your,sua
chiamare,to call
to call,chiamare
mamma,mom
mom,mamma
ammiro,admire
admire,ammiro
tua,'s | your | yours
's | your | yours,tua
papà,dad | daddy
dad | daddy,papà
tuo,your | yours
your | yours,tuo
cugina,cousin
cousin,cugina
canzone,song | entries | epic poem | canzone
song | entries | epic poem | canzone,canzone
mia,my | mine | mia
my | mine | mia,mia
sa,knows | know | he knows | she knows
knows | know | he knows | she knows,sa
mio,my | mine
my | mine,mio
giro,run | runs | walk | turn | walks
run | runs | walk | turn | walks,giro
cugino,cousin
cousin,cugino
invitato,asked | guest | invited | requested
asked | guest | invited | requested,invitato
gare,races
races,gare
aprile,April
April,aprile
razzo,jet | flare | rocket | missile | firework
jet | flare | rocket | missile | firework,razzo
devono,need | must | have to
need | must | have to,devono
so,know | knew
know | knew,so
organizzare,to organize
to organize,organizzare
evento,event
event,evento
dormono,sleep
sleep,dormono
edificio,building
building,edificio
Portogallo,Portugal
Portugal,Portogallo
partono,leave | they depart | they get off
leave | they depart | they get off,partono
pronto,hello | quick | right | agile | ready
hello | quick | right | agile | ready,pronto
geloso,jealous | possessive
jealous | possessive,geloso
preferite,favorite | you prefer
favorite | you prefer,preferite
dormite,be asleep | you sleep | you sit back | you are asleep
be asleep | you sleep | you sit back | you are asleep,dormite
Germania,Germany
Germany,Germania
tedeschi,German | Germans
German | Germans,tedeschi
ostello,hostel
hostel,ostello
Francia,France
France,Francia
vedono,saw | see | view | seen | told
saw | see | view | seen | told,vedono
prendono,hit | set | take | have
hit | set | take | have,prendono
paese,town | village | country
town | village | country,paese
francesi,French | French-speaking
French | French-speaking,francesi
aereo,plane | planes | aerial | airplane | airplanes
plane | planes | aerial | airplane | airplanes,aereo
prendete,take | took | grab
take | took | grab,prendete
vedete,see | try | saw | view | seen
see | try | saw | view | seen,vedete
viaggio,run | trip | runs | tour | travel
run | trip | runs | tour | travel,viaggio
prendiamo,take | took | we get | we grab
take | took | we get | we grab,prendiamo
marzo,March
March,marzo
paesi,towns | cities | countries
towns | cities | countries,paesi
Europa,Europe
Europe,Europa
europeo,European
European,europeo
televisione,television
television,televisione
guardate,watch | look to | look up | look at | look on
watch | look to | look up | look at | look on,guardate
calcio,soccer
soccer,calcio
bacio,kiss | perfect | excellent
kiss | perfect | excellent,bacio
guardiamo,look | watch | we keep watch on
look | watch | we keep watch on,guardiamo
molta,very | many | much | a lot of | at the utmost
very | many | much | a lot of | at the utmost,molta
mangiate,eat | you are eating
eat | you are eating,mangiate
siate,be | you are
be | you are,siate
pane,bread
bread,pane
mangiano,eat | they are eating
eat | they are eating,mangiano
già,yet | right | before | already | by then
yet | right | before | already | by then,già
vino,wine
wine,vino
quante,how | many | what | quantum | quantity
how | many | what | quantum | quantity,quante
parliamo,we talk | we speak | we are speaking
we talk | we speak | we are speaking,parliamo
guasto,worse | broken | failures | malfunction
worse | broken | failures | malfunction,guasto
parlate,talk | speak | you tell | you mention | you address
talk | speak | you tell | you mention | you address,parlate
lingua,tongue | language | modern languages
tongue | language | modern languages,lingua
lavorano,work | they knit | they knead | they cultivate | they are working
work | they knit | they knead | they cultivate | they are working,lavorano
durante,for | during
for | during,durante
quasi,near | about | nearly | almost | nearest
near | about | nearly | almost | nearest,quasi
lavorate,work | you knead | you cultivate
work | you knead | you cultivate,lavorate
alla settimana,a week
a week,alla settimana
studiate,study
study,studiate
di pomeriggio,in the afternoon
in the afternoon,di pomeriggio
dovete,you must | you have to
you must | you have to,dovete
raggio,ray | beam | spoke | range | radius
ray | beam | spoke | range | radius,raggio
studiamo,study | consider | we examine | we work out | we think up
study | consider | we examine | we work out | we think up,studiamo
possono,can | they'll | they may | they are able to | they are allowed to
can | they'll | they may | they are able to | they are allowed to,possono
centro commerciale,mall
mall,centro commerciale
fare shopping,to go shopping
to go shopping,fare shopping
stadio,stadium
stadium,stadio
annoiato,bored
bored,annoiato
artisti,master | artist | artists | artists'
master | artist | artists | artists',artisti
artista,artist
artist,artista
dipinto,painting | depicted | portrayed
painting | depicted | portrayed,dipinto
statua,statue
statue,statua
edifici,edifices | buildings | structures
edifices | buildings | structures,edifici
buchi,holes | breaks
holes | breaks,buchi
potete,you can | you are able to | you are allowed to
you can | you are able to | you are allowed to,potete
via,off | got | way | away | road
off | got | way | away | road,via
monumento,monument
monument,monumento
vi piacciono,do you like
do you like,vi piacciono
febbraio,February
February,febbraio
vi piace,you like
you like,vi piace
volete,want | like | mean | take | need
want | like | mean | take | need,volete
busto,stay
stay,busto
cultura,culture | learning | knowledge | education | cultivation
culture | learning | knowledge | education | cultivation,cultura
ci piace,we like
we like,ci piace
vogliamo,want | we take
want | we take,vogliamo
ci piacciono,we like
we like,ci piacciono
parte,way | part | role | goes | side
way | part | role | goes | side,parte
pino,pine
pine,pino
arte,art
art,arte
piacciono,like | likes | are liked
like | likes | are liked,piacciono
divertiti,have fun
have fun,divertiti
buona fortuna,good luck | good fortune | best of luck
good luck | good fortune | best of luck,buona fortuna
attento,wary | alert | close | caring | careful
wary | alert | close | caring | careful,attento
preoccupato,worried
worried,preoccupato
zona,zone | area | patch | region | regions
zone | area | patch | region | regions,zona
le piacciono,she likes
she likes,le piacciono
ristoranti,diners | restore | refresh | restaurant | restaurants
diners | restore | refresh | restaurant | restaurants,ristoranti
le piace,she likes
she likes,le piace
pranzare,to have lunch
to have lunch,pranzare
piaccio,like
like,piaccio
animali,brute | animal | animals
brute | animal | animals,animali
natura,nature
nature,natura
gli piacciono,he likes | they like
he likes | they like,gli piacciono
gli piace,he likes | they like
he likes | they like,gli piace
uccello,bird | birds
bird | birds,uccello
disegnare,to draw
to draw,disegnare
legno,wood
wood,legno
cucinare,to cook
to cook,cucinare
piace,like | likes
like | likes,piace
cinema,movie theater
movie theater,cinema
viaggiare,to travel
to travel,viaggiare
com'è,how's | what’s | how is | what is | as it is
how's | what’s | how is | what is | as it is,com'è
intelligente,intelligent
intelligent,intelligente
gesso,chalk
chalk,gesso
fa,does | makes | do | make | is
does | makes | do | make | is,fa
coppa,pot | cup | pan | pots | bowl
pot | cup | pan | pots | bowl,coppa
appuntamento,date | appointment
date | appointment,appuntamento
biondo,fair | blond | blonde | fair-haired
fair | blond | blonde | fair-haired,biondo
abbiamo bisogno di,need
need,abbiamo bisogno di
guidare,to drive
to drive,guidare
patente,driver's license
driver's license,patente
ebbi,kept | wear | have | held | offered
kept | wear | have | held | offered,ebbi
se,if
if,se
fotografia,photo | picture | photograph | photography
photo | picture | photograph | photography,fotografia
riunioni,meeting | reunion | meetings | reunions | gathering
meeting | reunion | meetings | reunions | gathering,riunioni
internet,internet
internet,internet
cellulare,cell phone
cell phone,cellulare
hanno bisogno di,need
need,hanno bisogno di
le sue,her | his | hers | your
her | his | hers | your,le sue
dobbiamo,we've | we're | we owe | we must | we need to
we've | we're | we owe | we must | we need to,dobbiamo
aprire,to open
to open,aprire
soldi,money
money,soldi
dollaro,buck | clam | dollar
buck | clam | dollar,dollaro
marocchino,Moroccan
Moroccan,marocchino
mesi,month | months | months' | monthly pay
month | months | months' | monthly pay,mesi
tratto,lengths | stretch
lengths | stretch,tratto
cercano,find | seek | look | found | search for
find | seek | look | found | search for,cercano
cerca,looks for | searches | find | look for
looks for | searches | find | look for,cerca
contratto,got | caught | contract | I negotiate
got | caught | contract | I negotiate,contratto
occhi,eyes
eyes,occhi
parlano,talk | speak
talk | speak,parlano
i suoi,her | his | your | hers
her | his | your | hers,i suoi
indiano,Indian
Indian,indiano
passaporto,passport
passport,passaporto
visto,saw | met | see | visa | seen
saw | met | see | visa | seen,visto
contanti,cash | have | count | matter
cash | have | count | matter,contanti
portare,to bring
to bring,portare
avere,to have | have | has | had
to have | have | has | had,avere
costare,cost
cost,costare
possiamo,can | we are able to
can | we are able to,possiamo
le loro,their | theirs
their | theirs,le loro
passa,passes | pass | goes by | spends
passes | pass | goes by | spends,passa
i loro,their | theirs
their | theirs,i loro
ingredienti,element | ingredient | ingredients
element | ingredient | ingredients,ingredienti
provare,to try
to try,provare
prosciutto,ham
ham,prosciutto
senza,except | without | out of
except | without | out of,senza
pezzo,cut | part | scrap | piece | lengths
cut | part | scrap | piece | lengths,pezzo
taglia,cut | size | stop | break | breaks
cut | size | stop | break | breaks,taglia
formaggio,cheese
cheese,formaggio
salame,pepperoni
pepperoni,salame
bottiglia,bottle
bottle,bottiglia
birra,beer
beer,birra
pomodoro,tomato
tomato,pomodoro
gamma,sweep | assortment
sweep | assortment,gamma
vorremmo,like | want | we'd | liked | wanted
like | want | we'd | liked | wanted,vorremmo
ordinare,to order
to order,ordinare
la loro,their | theirs
their | theirs,la loro
prenotazione,reservation
reservation,prenotazione
persone,people | person | persona | peoples
people | person | persona | peoples,persone
cenare,to have dinner
to have dinner,cenare
centri,centers
centers,centri
in centro,downtown
downtown,in centro
vorrebbero,like | want | liked | they would wish | they would need
like | want | liked | they would wish | they would need,vorrebbero
il loro,their | theirs
their | theirs,il loro
pizza,pizzas | pizza
pizzas | pizza,pizza
le nostre,our | ours
our | ours,le nostre
iniziano,enter | they start | they begin
enter | they start | they begin,iniziano
lezioni,lessons | classes | lectures
lessons | classes | lectures,lezioni
quattro,four
four,quattro
interessanti,juicy | intriguing | interesting
juicy | intriguing | interesting,interessanti
passi,pass | steps | you pass
pass | steps | you pass,passi
mostri,show | present | monsters | you exhibit | you point to
show | present | monsters | you exhibit | you point to,mostri
letteratura,literature
literature,letteratura
musica,music
music,musica
i nostri,our | ours
our | ours,i nostri
professori,teachers | professors | professors'
teachers | professors | professors',professori
mostre,exhibitions
exhibitions,mostre
matematica,math
math,matematica
storia,history
history,storia
le vostre,your | yours
your | yours,le vostre
quali,as | who | that | whom | when
as | who | that | whom | when,quali
materia,course | matter | subject | subjects | substance
course | matter | subject | subjects | substance,materia
preferito,pets | favorite | favourite | preferred | preferable
pets | favorite | favourite | preferred | preferable,preferito
chiavi,keys
keys,chiavi
i vostri,your | yours
your | yours,i vostri
chilo,kilo
kilo,chilo
odio,hate | hatred | I detest
hate | hatred | I detest,odio
armadio,closet
closet,armadio
libro,book | books
book | books,libro
frigorifero,fridge | refrigerator | refrigerators
fridge | refrigerator | refrigerators,frigorifero
università,university
university,università
la vostra,your | yours
your | yours,la vostra
ragazze,girls
girls,ragazze
il vostro,your | yours
your | yours,il vostro
dormitorio,dorm
dorm,dormitorio
benvenuti,welcome
welcome,benvenuti
calde,hot | hotf | warm
hot | hotf | warm,calde
felice,happy
happy,felice
fiori,club | flower | flowers
club | flower | flowers,fiori
fiore,bloom | flower
bloom | flower,fiore
anello,ring | bands | rings
ring | bands | rings,anello
stanco,tired | overtired
tired | overtired,stanco
tuono,roar | sound | rumble | thunder
roar | sound | rumble | thunder,tuono
ceno,I eat dinner | I have dinner
I eat dinner | I have dinner,ceno
eleganti,fancy | elegant
fancy | elegant,eleganti
le tue,your | yours
your | yours,le tue
nonna,grandma | grandmother
grandma | grandmother,nonna
buono,kind | full | best | nice | good
kind | full | best | nice | good,buono
ricevimento,reception
reception,ricevimento
i tuoi,your | yours
your | yours,i tuoi
elegante,elegant
elegant,elegante
zio,uncle
uncle,zio
zii,uncles
uncles,zii
nonno,grandpa | grandfather
grandpa | grandfather,nonno
sposo,groom
groom,sposo
le mie,my | mine
my | mine,le mie
della,'s | of | in | than | some
's | of | in | than | some,della
moschea,mosque
mosque,moschea
amiche,friends | girlfriends
friends | girlfriends,amiche
sposa,bride | you marry | it marries | he marries | you embrace
bride | you marry | it marries | he marries | you embrace,sposa
zia,aunt
aunt,zia
genitori,folks | parents
folks | parents,genitori
tristi,sad | gloomy | unhappy
sad | gloomy | unhappy,tristi
maggio,May
May,maggio
vogliono,want | wants
want | wants,vogliono
amici,friends
friends,amici
i miei,my | mine
my | mine,i miei
matrimonio,match | wedding | marriage
match | wedding | marriage,matrimonio
cinque,five
five,cinque
suolo,soil | earth
soil | earth,suolo
insieme,together
together,insieme
quanti,as | how many
as | how many,quanti
scrivere,to write
to write,scrivere
email,email
email,email
inviare,to send
to send,inviare
riunione,meeting
meeting,riunione
documento,papers | document | documents
papers | document | documents,documento
bagni,bathrooms
bathrooms,bagni
aria,air | wind | look | breeze | looking
air | wind | look | breeze | looking,aria
scrivania,desk
desk,scrivania
sedia,seat | chair | seats
seat | chair | seats,sedia
signor,Mr.
Mr.,signor
curriculum,resume
resume,curriculum
quinto,fifth | Quintus
fifth | Quintus,quinto
undici,eleven
eleven,undici
colloquio,interview
interview,colloquio
aspettare,to wait
to wait,aspettare
sci,ski | skis
ski | skis,sci
vanno,they go | go
they go | go,vanno
sciare,to ski
to ski,sciare
nevica,snow | snows
snow | snows,nevica
gennaio,January
January,gennaio
cappotto,coat | coats | overcoat
coat | coats | overcoat,cappotto
inverno,winter
winter,inverno
leggere,to read
to read,leggere
uso,used | uses | customs | exercise | I run
used | uses | customs | exercise | I run,uso
balla,dance
dance,balla
rileggi,reread
reread,rileggi
settembre,September
September,settembre
piove,rains
rains,piove
ombrello,gamp | shelter | umbrella
gamp | shelter | umbrella,ombrello
zucca,squash | pumpkin
squash | pumpkin,zucca
mappa,map | plan | maps | picture
map | plan | maps | picture,mappa
dicembre,December
December,dicembre
fa freddo,it's cold
it's cold,fa freddo
sto,be | I'm | stay | I am | I feel
be | I'm | stay | I am | I feel,sto
bevo,drink
drink,bevo
zuppa,soup
soup,zuppa
acqua,water
water,acqua
andate,gone | went | going
gone | went | going,andate
luglio,July
July,luglio
fa caldo,it's hot
it's hot,fa caldo
fate,do | made | make | have | keep
do | made | make | have | keep,fate
facci,Make
Make,facci
giugno,June
June,giugno
fuori,outside
outside,fuori
nel,in | at | on | to | by
in | at | on | to | by,nel
c'è il sole,it is sunny | there is sunshine | the sun is out | the sun is shining
it is sunny | there is sunshine | the sun is out | the sun is shining,c'è il sole
giusto,even | just | fair | true | uses
even | just | fair | true | uses,giusto
facciamo,made | make | lets | keep
made | make | lets | keep,facciamo
un altro,another
another,un altro
aiuto,help
help,aiuto
subito,immediately
immediately,subito
fantasma,ghost
ghost,fantasma
posto,job | set | site | spot | seat
job | set | site | spot | seat,posto
grido,scream
scream,grido
ha paura,is scared | is afraid | are afraid
is scared | is afraid | are afraid,ha paura
un'altra,another | one more | one other
another | one more | one other,un'altra
sente,feels | hears | feel | hear
feels | hears | feel | hear,sente
uomo,man
man,uomo
dorme,sleep | sleeps | are asleep
sleep | sleeps | are asleep,dorme
senno,mind
mind,senno
senti,feel | hear | heard | listen | you smell
feel | hear | heard | listen | you smell,senti
dormi,you sleep | be asleep | you sit back | you are asleep | you go to bed
you sleep | be asleep | you sit back | you are asleep | you go to bed,dormi
hai paura,you're scared
you're scared,hai paura
donna,woman | skirts
woman | skirts,donna
spaventoso,ugly | scary | spooky | frightening
ugly | scary | spooky | frightening,spaventoso
dormo,sleep | I am asleep
sleep | I am asleep,dormo
sento,hear | heard | I feel | I taste | I smell
hear | heard | I feel | I taste | I smell,sento
quanto,so | as | how | really | however much
so | as | how | really | however much,quanto
ho paura,I'm scared | I am afraid | I'm afraid
I'm scared | I am afraid | I'm afraid,ho paura
voce,voice
voice,voce
vicino alla,next to the
next to the,vicino alla
strappi,rip
rip,strappi
di notte,at night
at night,di notte
rumori,din | noise | sound | noises
din | noise | sound | noises,rumori
dormire,to sleep
to sleep,dormire
rumore,noise
noise,rumore
sentire,to feel | to hear | feel | hear
to feel | to hear | feel | hear,sentire
strano,odd | weird | goofy | strange | weirder
odd | weird | goofy | strange | weirder,strano
sette,seven
seven,sette
retto,held | right | square | squares | straight
held | right | square | squares | straight,retto
te,yourself | to your place | in your house | to your house | in your place
yourself | to your place | in your house | to your house | in your place,te
raso,short
short,raso
aperitivo,aperitif
aperitif,aperitivo
museo,museum | museums
museum | museums,museo
prende,takes | take
takes | take,prende
curato,neat | tidy | curate | priest | treated
neat | tidy | curate | priest | treated,curato
vede,sees | see | he sees | she sees
sees | see | he sees | she sees,vede
all'una,at one | at 1 o'clock
at one | at 1 o'clock,all'una
parchi,parks
parks,parchi
famoso,famous | renowned | well-known
famous | renowned | well-known,famoso
prendi,gain | took | take | you get | you set
gain | took | take | you get | you set,prendi
nove,nine
nine,nove
vedi,see | you meet
see | you meet,vedi
negozi,shops | store | stores | shoppe | business
shops | store | stores | shoppe | business,negozi
castello,castle | castles | forecastle
castle | castles | forecastle,castello
alle,al | as | at | to | for
al | as | at | to | for,alle
vedo,saw | see | seen | told | I meet
saw | see | seen | told | I meet,vedo
prendo,take | have | took | bring
take | have | took | bring,prendo
cado,strike
strike,cado
otto,eight
eight,otto
vedere,to see | see | sees | saw | seen
to see | see | sees | saw | seen,vedere
prendere,to take | take | takes | took | taken
to take | take | takes | took | taken,prendere
medici,doctors | medical
doctors | medical,medici
vicino al,near the | next to the
near the | next to the,vicino al
mattina,morning
morning,mattina
stiamo,be | are | stay | we’re | we're
be | are | stay | we’re | we're,stiamo
cuciniamo,cook | we fix
cook | we fix,cuciniamo
regali,gifts | presents | you give away
gifts | presents | you give away,regali
panettone,panettone
panettone,panettone
Natale,Christmas
Christmas,Natale
viaggiamo,we travel
we travel,viaggiamo
in spiaggia,on the beach | at the beach | in the beach area | going to the beach
on the beach | at the beach | in the beach area | going to the beach,in spiaggia
reggia,palaces
palaces,reggia
lavoriamo,work | we knead | we cultivate
work | we knead | we cultivate,lavoriamo
agosto,August
August,agosto
caldo,hot | warm | cozier | friendly | full-blooded
hot | warm | cozier | friendly | full-blooded,caldo
mangiamo,eat | we are eating
eat | we are eating,mangiamo
cioccolato,chocolate
chocolate,cioccolato
squalo,shark
shark,squalo
cerchiamo,find | look | found | we seek
find | look | found | we seek,cerchiamo
uova,eggs
eggs,uova
compriamo,square | we buy | we purchase | we are buying
square | we buy | we purchase | we are buying,compriamo
Pasqua,Easter
Easter,Pasqua
festeggiamo,we're | we celebrate
we're | we celebrate,festeggiamo
fuochi d'artificio,fireworks
fireworks,fuochi d'artificio
andiamo,gone | went | let’s | going
gone | went | let’s | going,andiamo
Capodanno,New Year's
New Year's,Capodanno
concerto,gig | shows | concert | performance
gig | shows | concert | performance,concerto
rossi,red | reddest | Rossi
red | reddest | Rossi,rossi
passiamo,we pass | pass | we spend
we pass | pass | we spend,passiamo
bambini,boys | kids | babies | children
boys | kids | babies | children,bambini
importante,important
important,importante
importanti,big | major | mattered | important | prominent
big | major | mattered | important | prominent,importanti
famiglia,stock | family
stock | family,famiglia
applicazione,app
app,applicazione
lezione,class | moral | lesson | lecture
class | moral | lesson | lecture,lezione
parla,talk | speak | talks | speaks | is talking
talk | speak | talks | speaks | is talking,parla
a volte,sometimes
sometimes,a volte
pomeriggio,afternoon
afternoon,pomeriggio
usa,use | uses | wears | exercise | it runs
use | uses | wears | exercise | it runs,usa
cibo,food
food,cibo
lava,wash | washes | showers | he cleans | it cleans
wash | washes | showers | he cleans | it cleans,lava
giallo,yellow
yellow,giallo
sera,evening
evening,sera
mangia,eat | eats
eat | eats,mangia
cita,names
names,cita
mangio,eat | I am eating
eat | I am eating,mangio
giorno,day
day,giorno
cucino,cook | I am cooking
cook | I am cooking,cucino
giorni,days
days,giorni
lavo,wash | cleanse | I clean | I brush
wash | cleanse | I clean | I brush,lavo
lavanderia,cleaner | laundry | dry-cleaner
cleaner | laundry | dry-cleaner,lavanderia
piatti,pan | flat | dull | plate | plates
pan | flat | dull | plate | plates,piatti
ratto,rat
rat,ratto
cucini,cook | cooking
cook | cooking,cucini
lavi,wash | shower
wash | shower,lavi
piangi,cry | you mourn for | you grieve for
cry | you mourn for | you grieve for,piangi
carne,meat
meat,carne
mangi,eat | eats
eat | eats,mangi
stare,be | was | fits | stay | kept
be | was | fits | stay | kept,stare
studiare,to study
to study,studiare
lavorare,to work
to work,lavorare
parlare,we're | talk | speak | talked | speech
we're | talk | speak | talked | speech,parlare
benvenuto,welcome
welcome,benvenuto
ha bisogno di,you need | needs
you need | needs,ha bisogno di
forse,maybe
maybe,forse
vorrebbe,like | want | liked | wanted | would wish
like | want | liked | wanted | would wish,vorrebbe
comunque,anyway
anyway,comunque
parco,park
park,parco
può,can | he can | she can
can | he can | she can,può
invece,instead
instead,invece
giovedì,Thursday
Thursday,giovedì
vive,live | alive | lives | you experience | it experiences
live | alive | lives | you experience | it experiences,vive
ho sonno,I'm sleepy | I am tired | I am sleepy
I'm sleepy | I am tired | I am sleepy,ho sonno
occupato,busy | held
busy | held,occupato
lavora,work | works
work | works,lavora
cure,care | worry | treatment | carefulness | edited by
care | worry | treatment | carefulness | edited by,cure
mercoledì,Wednesday
Wednesday,mercoledì
ho sete,I'm thirsty | I am thirsty
I'm thirsty | I am thirsty,ho sete
deve,must | has to | he must | she must
must | has to | he must | she must,deve
corri,run
run,corri
sicuro,safe | sure | sound | secure | safest
safe | sure | sound | secure | safest,sicuro
corsa,jog | run | runs | dash | footrace
jog | run | runs | dash | footrace,corsa
ho fame,am hungry | I'm hungry
am hungry | I'm hungry,ho fame
faccio,do | made | make
do | made | make,faccio
martedì,Tuesday
Tuesday,martedì
straccio,rag
rag,straccio
a casa,at home | home
at home | home,a casa
malato,ill | sick | dirty | ailing | injured
ill | sick | dirty | ailing | injured,malato
yoga,yoga
yoga,yoga
lunedì,Monday
Monday,lunedì
venire,to come
to come,venire
al,a | at | to | in | the
a | at | to | in | the,al
pagare,to pay
to pay,pagare
carta di credito,credit card
credit card,carta di credito
cliccare,to click
to click,cliccare
dopo,then
then,dopo
gara,race | event | events | contest | competition
race | event | events | contest | competition,gara
devi,you must | you have to | must
you must | you have to | must,devi
orologi,clocks | watches
clocks | watches,orologi
molte,many
many,molte
scarpa,shoe
shoe,scarpa
giri,turn | break
turn | break,giri
guanti,gloves
gloves,guanti
mi piacciono,I like
I like,mi piacciono
scarpe,shoes
shoes,scarpe
belle,good | nice | fair | goods | fines
good | nice | fair | goods | fines,belle
nere,black
black,nere
maglietta,T-shirt
T-shirt,maglietta
ti piacciono,you like
you like,ti piacciono
queste,this | these
this | these,queste
borse,bag | bags | handbag | briefcase | stock exchange
bag | bags | handbag | briefcase | stock exchange,borse
questi,this | these | those
this | these | those,questi
neri,black | neri
black | neri,neri
allo,a | at | to | in | al
a | at | to | in | al,allo
pantaloni,pants
pants,pantaloni
su,up | on | to | in | ons
up | on | to | in | ons,su
cervo,deer | stag | hart
deer | stag | hart,cervo
ci sono,there are | are there
there are | are there,ci sono
guanto,glove
glove,guanto
molti,many
many,molti
sito,website
website,sito
guarda,look | watch | looks
look | watch | looks,guarda
belli,good | nice | fair | fine | goodly
good | nice | fair | fine | goodly,belli
rotta,rout | break | course | broken
rout | break | course | broken,rotta
mi,me | my | myself
me | my | myself,mi
va bene,OK
OK,va bene
idea,idea
idea,idea
sabato,Saturday
Saturday,sabato
ricchi,rich | riches | wealthy | copious | abundant
rich | riches | wealthy | copious | abundant,ricchi
borsa,bag
bag,borsa
non sono d'accordo,I disagree | I don't agree | I do not agree | No
I disagree | I don't agree | I do not agree | No,non sono d'accordo
bicicletta,bicycle
bicycle,bicicletta
vecchia,old
old,vecchia
la sua,her | his | its | hers
her | his | its | hers,la sua
tacco,heel | heeled shoe
heel | heeled shoe,tacco
computer,computers | computer
computers | computer,computer
soglia,limit | verge | brink | doorstep | threshold
limit | verge | brink | doorstep | threshold,soglia
portafoglio,wallet
wallet,portafoglio
rotto,broken
broken,rotto
venerdì,Friday
Friday,venerdì
hai ragione,you're right | you are right
you're right | you are right,hai ragione
orologio,watch | clock | timer | watches
watch | clock | timer | watches,orologio
vecchio,old
old,vecchio
il suo,her | his | your | hers
her | his | your | hers,il suo
telefono,phone
phone,telefono
domenica,Sunday
Sunday,domenica
festa,done | don't | party | holiday | parties
done | don't | party | holiday | parties,festa
compleanno,birthday
birthday,compleanno
regalo,gift
gift,regalo
posso,I can | can
I can | can,posso
passo,step | pace | I pass | pass
step | pace | I pass | pass,passo
biglietto,ticket
ticket,biglietto
vorresti,want | you'd | wanted | wouldn't | you would need
want | you'd | wanted | wouldn't | you would need,vorresti
biglietti,tickets
tickets,biglietti
città,town | city | cities
town | city | cities,città
settimana,week
week,settimana
la prossima,next
next,la prossima
francese,French
French,francese
va,goes | go | he goes | she goes
goes | go | he goes | she goes,va
fiato,breath
breath,fiato
studia,study | studies | analyzes | it examines | he examines
study | studies | analyzes | it examines | he examines,studia
spesso,often
often,spesso
rosa,pink | rose | romantic | rosa
pink | rose | romantic | rosa,rosa
estate,summer
summer,estate
svizzera,Swiss | hamburger | Switzerland
Swiss | hamburger | Switzerland,svizzera
vai,you go | go
you go | go,vai
perché,why | for | find | found | reason
why | for | find | found | reason,perché
tedesco,German
German,tedesco
svizzero,Swiss
Swiss,svizzero
sempre,always
always,sempre
anno,year
year,anno
vado,I go | go | I'm going
I go | go | I'm going,vado
ogni,every
every,ogni
lagna,beef
beef,lagna
mese,month
month,mese
vuole,want | wants | wishes
want | wants | wishes,vuole
il prossimo,next
next,il prossimo
svuoto,clear
clear,svuoto
macchine,car | cars | engine | machine | machines
car | cars | engine | machine | machines,macchine
taglie,sizes
sizes,taglie
cani,dogs
dogs,cani
figlie,daughters
daughters,figlie
sanno,knew | knows | they can | they know | know how to
knew | knows | they can | they know | know how to,sanno
zecca,tick | mint
tick | mint,zecca
balconi,balconies
balconies,balconi
giardino,garden
garden,giardino
gatti,cats
cats,gatti
stanze,rooms
rooms,stanze
bella,nice | pretty | beautiful | fair copy
nice | pretty | beautiful | fair copy,bella
ingiallito,turned
turned,ingiallito
siamo,be | did | are | feel | we've
be | did | are | feel | we've,siamo
macchina,car | machine | automobile | he plots | she plots
car | machine | automobile | he plots | she plots,macchina
tagli,cut | mow | stop | break
cut | mow | stop | break,tagli
figli,sons | children
sons | children,figli
gatto,cat
cat,gatto
nuove,new | anew | again | afresh | further
new | anew | again | afresh | further,nuove
siete,be | you're | you’re | you've | did you
be | you're | you’re | you've | did you,siete
ieri,yesterday
yesterday,ieri
pieno,full | rich | busy | solid | heavy
full | rich | busy | solid | heavy,pieno
vicine,close | neighbors
close | neighbors,vicine
americane,American | Americans
American | Americans,americane
italiane,Italian | Italians | Italian-style
Italian | Italians | Italian-style,italiane
loro,they | them | their | theirs | they'll
they | them | their | theirs | they'll,loro
vicini,near | close | nearby | similar | neighbor
near | close | nearby | similar | neighbor,vicini
italiani,Italian | Italians
Italian | Italians,italiani
americani,American | Americans
American | Americans,americani
nuovi,new | anew | again | afresh | further
new | anew | again | afresh | further,nuovi
ospedale,hospital
hospital,ospedale
purtroppo,unfortunately
unfortunately,purtroppo
tappi,stop
stop,tappi
difficile,difficult
difficult,difficile
stressante,stressful
stressful,stressante
noioso,boring
boring,noioso
buffo,funny | goofy
funny | goofy,buffo
divertente,fun
fun,divertente
interessante,interesting
interesting,interessante
facile,easy
easy,facile
canapè,couch
couch,canapè
cuoca,cook
cook,cuoca
professoressa,teacher | teachers | professor
teacher | teachers | professor,professoressa
dottoressa,doctor | graduate
doctor | graduate,dottoressa
scuola,school
school,scuola
anche,so | too | even | hips | also
so | too | even | hips | also,anche
matto,mad | madly | loony | crazy | potty
mad | madly | loony | crazy | potty,matto
ufficio,office
office,ufficio
professore,teacher | teachers | professor
teacher | teachers | professor,professore
ora,now
now,ora
dottore,doctor
doctor,dottore
cuoco,cook
cook,cuoco
sale,sal | wit | salt | piquancy
sal | wit | salt | piquancy,sale
come stai,how are you
how are you,come stai
di solito,usually
usually,di solito
sai,can | know | knew | savor | smell
can | know | knew | savor | smell,sai
allora,so
so,allora
fai,do | made | make | have | keep
do | made | make | have | keep,fai
sto bene,I'm fine
I'm fine,sto bene
troppo,too | very | overly | excessively
too | very | overly | excessively,troppo
mobili,furniture | furnishings
furniture | furnishings,mobili
fatta,do | have | make | form | last
do | have | make | form | last,fatta
hai bisogno di,you need
you need,hai bisogno di
letto,bed
bed,letto
qualcosa,anything | something
anything | something,qualcosa
noi,us | ourselves
us | ourselves,noi
la nostra,our | ours
our | ours,la nostra
cucina,kitchen
kitchen,cucina
abbiamo,ve | own | are | have
ve | own | are | have,abbiamo
sabbia,sand
sand,sabbia
soggiorno,stay | visit | visited | family room | living room
stay | visit | visited | family room | living room,soggiorno
lavatrice,washing machine
washing machine,lavatrice
scusate,excuse me | you excuse | you justify | you apologize | you say sorry
excuse me | you excuse | you justify | you apologize | you say sorry,scusate
finestra,window
window,finestra
lastra,plate | sheets
plate | sheets,lastra
altri,other | others | different
other | others | different,altri
balcone,balcony
balcony,balcone
cane,dog
dog,cane
voi,you'll | yourselves
you'll | yourselves,voi
affitto,rent
rent,affitto
ragazzi,boys | kids | guys | children | boyfriends
boys | kids | guys | children | boyfriends,ragazzi
buffi,funny
funny,buffi
grande,big
big,grande
avete,did | own | have | keep | you've
did | own | have | keep | you've,avete
calza,sock | stocking
sock | stocking,calza
appartamento,apartment
apartment,appartamento
per,on | to | in | by | for
on | to | in | by | for,per
coinquilino,roommate
roommate,coinquilino
stanza,room
room,stanza
coinquilina,roommate
roommate,coinquilina
il nostro,our | ours
our | ours,il nostro
costano,are | cost
are | cost,costano
quanto costano,how much are
how much are,quanto costano
economica,cheap | economic | financial | economical | inexpensive
cheap | economic | financial | economical | inexpensive,economica
triste,sad | darker | depressed
sad | darker | depressed,triste
tre,three
three,tre
economico,cheap
cheap,economico
gonne,skirts
skirts,gonne
specie,kind | kinds
kind | kinds,specie
camicie,shirts | blouses
shirts | blouses,camicie
gonna,skirt
skirt,gonna
cara,dear | costly | expensive
dear | costly | expensive,cara
due,two
two,due
le,it | her | she | the | them
it | her | she | the | them,le
stivali,boots
boots,stivali
uffa,Ugh
Ugh,uffa
zaini,backpacks
backpacks,zaini
zeri,zero | digit | zeros
zero | digit | zeros,zeri
gli,he | it | him | the | his
he | it | him | the | his,gli
in offerta,on sale
on sale,in offerta
dove,where
where,dove
i,the | his
the | his,i
maglioni,jumpers | sweaters | pullovers
jumpers | sweaters | pullovers,maglioni
cappelli,hats
hats,cappelli
aperto,open
open,aperto
al mercato,at the market | to the market | in the market
at the market | to the market | in the market,al mercato
comprare,to buy
to buy,comprare
care,kind | dear | sweet | honey | costly
kind | dear | sweet | honey | costly,care
vestiti,clothes
clothes,vestiti
mercato,market
market,mercato
taxi,cab | cabs | taxis | taxi
cab | cabs | taxis | taxi,taxi
cura,care | cure | course | nurses | charge
care | cure | course | nurses | charge,cura
non ti preoccupare,don't worry
don't worry,non ti preoccupare
in ritardo,late
late,in ritardo
aeroporto,airport
airport,aeroporto
pacco,pack | packs | package
pack | packs | package,pacco
mi dispiace,sorry
sorry,mi dispiace
autobus,bus
bus,autobus
buco,hit | hole | broke | break | broken
hit | hole | broke | break | broken,buco
non lo so,I do not know
I do not know,non lo so
hotel,hotels | albergo | hotel
hotels | albergo | hotel,hotel
trovare,to find
to find,trovare
viro,turn
turn,viro
mi sono persa,got lost
got lost,mi sono persa
devo,I must | I have to | must
I must | I have to | must,devo
andare,to go | go | goes | went
to go | go | goes | went,andare
puoi ripetere,can you repeat | may you repeat | could you repeat | are you able to repeat
can you repeat | may you repeat | could you repeat | are you able to repeat,puoi ripetere
hobby,hobbies | pastime | hobby
hobbies | pastime | hobby,hobby
capa,boss
boss,capa
solo,but | only | mere | just | lone
but | only | mere | just | lone,solo
ho capito,understand | understood
understand | understood,ho capito
non ho capito,I don't understand | I haven't understood | I didn't get it | I didn't catch that
I don't understand | I haven't understood | I didn't get it | I didn't catch that,non ho capito
lì,there | throws | thereabouts | at first | very nearly
there | throws | thereabouts | at first | very nearly,lì
treno,train
train,treno
cerco,find | found | looking | I try | I look for
find | found | looking | I try | I look for,cerco
mi sono perso,got lost | I'm lost
got lost | I'm lost,mi sono perso
non,n’t | can't | won’t | won't | don't
n’t | can't | won’t | won't | don't,non
stazione,station
station,stazione
taglio,cut | stop | trim | style | break
cut | stop | trim | style | break,taglio
stasera,tonight
tonight,stasera
domani,tomorrow
tomorrow,domani
voglio,want | take
want | take,voglio
lisa,lisa
lisa,lisa
visitare,to visit
to visit,visitare
fine settimana,weekend
weekend,fine settimana
vuoi,want
want,vuoi
puoi,you can | can
you can | can,puoi
pattinare,to skate
to skate,pattinare
lasci,leave
leave,lasci
uscire,came | got | walk | walks | exits
came | got | walk | walks | exits,uscire
bere,to drink
to drink,bere
gialli,amber | crime | yellow | sallow | mystery
amber | crime | yellow | sallow | mystery,gialli
cari,dear | fond | costly | expensive
dear | fond | costly | expensive,cari
sport,sports | sport
sports | sport,sport
mangiare,to eat
to eat,mangiare
cosa,what
what,cosa
fare,to do | do | make | makes | made
to do | do | make | makes | made,fare
casse,speakers | cashiers | checkouts
speakers | cashiers | checkouts,casse
passeggiare,to walk around
to walk around,passeggiare
quando,when
when,quando
mi piace,I like
I like,mi piace
libera,free | clear | releases | available | he frees
free | clear | releases | available | he frees,libera
cantare,to sing
to sing,cantare
leggenda,tale | myth | story | legend
tale | myth | story | legend,leggenda
nuotare,to swim
to swim,nuotare
ballare,to dance
to dance,ballare
raggi,rays
rays,raggi
suonare,mean | beat | gone | ring
mean | beat | gone | ring,suonare
ti piace,you like
you like,ti piace
libero,free | available
free | available,libero
oggi,today
today,oggi
la tua,your | yours
your | yours,la tua
molto,far | very | much | really | a lot
far | very | much | really | a lot,molto
spagnolo,Spanish | Spaniard
Spanish | Spaniard,spagnolo
studio,study | office | I study
study | office | I study,studio
radio,radium | radius | radios | radio
radium | radius | radios | radio,radio
parli,talk | speak | you are talking | you are speaking
talk | speak | you are talking | you are speaking,parli
il tuo,your | yours
your | yours,il tuo
studi,study | survey | office | studied | practice
study | survey | office | studied | practice,studi
sana,healthy | be healed
healthy | be healed,sana
suo,his | her | its | your | hers
his | her | its | your | hers,suo
inglese,English | British
English | British,inglese
bene,well
well,bene
barra,bar | rod | rods
bar | rod | rods,barra
sorella,sister
sister,sorella
parlo,talk | speak | I am talking | I am speaking
talk | speak | I am talking | I am speaking,parlo
fratello,brother
brother,fratello
in,at | to | on | by | for
at | to | on | by | for,in
palla,ball | drag | bummer
ball | drag | bummer,palla
vivi,alive | living | you live | you experience
alive | living | you live | you experience,vivi
piano,slow | even | flat | plan | level
slow | even | flat | plan | level,piano
lavori,jobs | works | worked | you work | you are working
jobs | works | worked | you work | you are working,lavori
mi chiamo,my name is | i am called
my name is | i am called,mi chiamo
lavoro,job | work | jobs | task | labor
job | work | jobs | task | labor,lavoro
a,à | at | on | to | in
à | at | on | to | in,a
come ti chiami,what's your name
what's your name,come ti chiami
vivo,live | alive | sharp | acute | vivid
live | alive | sharp | acute | vivid,vivo
costa,costs | slope | spine | coast | seabord
costs | slope | spine | coast | seabord,costa
cento,one hundred
one hundred,cento
euro,euro | euros
euro | euros,euro
dieci,ten
ten,dieci
cinquanta,fifty
fifty,cinquanta
piccola,less | baby | minor | small | little
less | baby | minor | small | little,piccola
quanto costa,how much is
how much is,quanto costa
nera,black
black,nera
scontrino,receipt
receipt,scontrino
quanta,how
how,quanta
nero,black
black,nero
uno,a | 1 | an | one | someone
a | 1 | an | one | someone,uno
zaino,backpack
backpack,zaino
piccolo,small
small,piccolo
specchio,mirror
mirror,specchio
rossa,red
red,rossa
camicia,shirt
shirt,camicia
giacca,jacket
jacket,giacca
nodo,knot | junction
knot | junction,nodo
nuova,new | recent
new | recent,nuova
messi,set
set,messi
aglio,garlic
garlic,aglio
maglione,sweater
sweater,maglione
cappello,hat
hat,cappello
ho bisogno di,need
need,ho bisogno di
nuovo,new
new,nuovo
rosso,red
red,rosso
tiramisù,tiramisu | tiramisù
tiramisu | tiramisù,tiramisù
come dolce,for dessert
for dessert,come dolce
conto,bill | check
bill | check,conto
torta,cake
cake,torta
a presto,see you soon
see you soon,a presto
notte,night | nights | evenings
night | nights | evenings,notte
casa,home | place | house | domicile
home | place | house | domicile,casa
pollo,chicken
chicken,pollo
pesce,fish
fish,pesce
riso,rice
rice,riso
pasta,pasta
pasta,pasta
come primo,for the first course
for the first course,come primo
come secondo,for the second course
for the second course,come secondo
insalata,salad
salad,insalata
antipasto,appetizer
appetizer,antipasto
suono,sound | noises
sound | noises,suono
buona sera,good night | good evening
good night | good evening,buona sera
vorrei,I'd like
I'd like,vorrei
l',it | her | the | him | hers
it | her | the | him | hers,l'
buon giorno,good morning
good morning,buon giorno
prego,you're welcome
you're welcome,prego
menù,menu
menu,menù
ecco,there | that's | here’s | here's | there's
there | that's | here’s | here's | there's,ecco
secco,die | her | dry | hard | dries
die | her | dry | hard | dries,secco
tavolo,table
table,tavolo
timido,shy
shy,timido
amico,friend
friend,amico
simpatico,nice
nice,simpatico
alta,top | deep | long | tall | loud
top | deep | long | tall | loud,alta
il mio,my | mine
my | mine,il mio
un',a | an | one | each | someone
a | an | one | each | someone,un'
la mia,my | mine
my | mine,la mia
amica,friend | friends | partner
friend | friends | partner,amica
simpatica,nice | likable
nice | likable,simpatica
ha,has | have | he has | she has
has | have | he has | she has,ha
ragazza,girl | girlfriend
girl | girlfriend,ragazza
americana,American
American,americana
ho,I have | have
I have | have,ho
vicina,neighbor
neighbor,vicina
voci,talk | voices | entries | you yell | you shout
talk | voices | entries | you yell | you shout,voci
pazzo,mad | crazy | goofy | madman | maddest
mad | crazy | goofy | madman | maddest,pazzo
timida,shy
shy,timida
alto,tall
tall,alto
hanno,did | own | are | have
did | own | are | have,hanno
ragazzo,boy | boyfriend
boy | boyfriend,ragazzo
americano,American
American,americano
vicino,neighbor
neighbor,vicino
mai,ever | never
ever | never,mai
hai,you have | have
you have | have,hai
pizzeria,pizzeria
pizzeria,pizzeria
lacci,tie | lace | cord | laces | ribbon
tie | lace | cord | laces | ribbon,lacci
molle,soft
soft,molle
questa,this | that | these | those | that's
this | that | these | those | that's,questa
grazie mille,thank you very much
thank you very much,grazie mille
farmacia,pharmacy
pharmacy,farmacia
bar,cafe | café | cafes | cafés
cafe | café | cafes | cafés,bar
questo,this | that | these | those | that's
this | that | these | those | that's,questo
ragno,spider
spider,ragno
quale,what | which | such as
what | which | such as,quale
e,and
and,e
ristorante,restaurant
restaurant,ristorante
banca,bank
bank,banca
bagno,wet | swim | bath | toilet | washroom
wet | swim | bath | toilet | washroom,bagno
chiesa,church
church,chiesa
signora,Ms. | mrs | lady | mrs. | madam
Ms. | mrs | lady | mrs. | madam,signora
la,it | her | the | for | your
it | her | the | for | your,la
c'è,there’s | there is | there was
there’s | there is | there was,c'è
piazza,square
square,piazza
mazzo,pack | stock
pack | stock,mazzo
dov'è,where is
where is,dov'è
qui,here
here,qui
teatro,theater
theater,teatro
negozio,store
store,negozio
signore,sir
sir,signore
il,a | the
a | the,il
italiana,Italian | italians
Italian | italians,italiana
figlio,son
son,figlio
mano,coat | hand | layer | coats
coat | hand | layer | coats,mano
o,or
or,o
che,who | how | that | than | what
who | how | that | than | what,che
moglie,wife
wife,moglie
cassa,cashier | cash desk | cash register
cashier | cash desk | cash register,cassa
italiano,Italian
Italian,italiano
marito,husband
husband,marito
figlia,daughter
daughter,figlia
madre,mother
mother,madre
una,a | an | one
a | an | one,una
lei,she | her | hers | she'll | you'll
she | her | hers | she'll | you'll,lei
luna,moon | month
moon | month,luna
chi,who | whom
who | whom,chi
uovo,egg
egg,uovo
è,is | he is | she is | it's
is | he is | she is | it's,è
lui,he
he,lui
padre,father
father,padre
bello,nice | good | lovely | pretty | handsome
nice | good | lovely | pretty | handsome,bello
dare,gave | give | sit | sits | held
gave | give | sit | sits | held,dare
di dove sei,where are you from
where are you from,di dove sei
ah,oh | ah
oh | ah,ah
madri,stub | moms' | mother | mothers
stub | moms' | mother | mothers,madri
Filadelfia,Philadelphia
Philadelphia,Filadelfia
caro,dear | honey | costly | darling | beloved
dear | honey | costly | darling | beloved,caro
fantastico,fantastic
fantastic,fantastico
Londra,London
London,Londra
me,myself | me
myself | me,me
tu,you'll
you'll,tu
sei,are | you are | you're
are | you are | you're,sei
scusa,sorry | pretext | excuse me
sorry | pretext | excuse me,scusa
vero,real | true | right | isn't | aren’t
real | true | right | isn't | aren’t,vero
di,'s | at | to | of | in
's | at | to | of | in,di
Milano,Milan
Milan,Milano
Roma,Rome
Rome,Roma
rido,laugh | smile | giggle | ridere | chuckle
laugh | smile | giggle | ridere | chuckle,rido
piacere,nice to meet you
nice to meet you,piacere
cera,crayon
crayon,cera
tonno,tuna
tuna,tonno
sono,am | are | they are | I'm
am | are | they are | I'm,sono
cielo,sky | heaven
sky | heaven,cielo
io,me | i'd | i'll
me | i'd | i'll,io
ciao,hi | bye | hello | goodbye
hi | bye | hello | goodbye,ciao
zucchero,sugar
sugar,zucchero
arrivederci,goodbye
goodbye,arrivederci
cappuccino,cappuccino
cappuccino,cappuccino
gelato,icy | frozen | frosted | chilled | ice-cold
icy | frozen | frosted | chilled | ice-cold,gelato
no,not | haven't | no
not | haven't | no,no
ma,but | only | though
but | only | though,ma
latte,milk
milk,latte
sì,yes
yes,sì
grazie,thank you
thank you,grazie
con,to | with | featuring
to | with | featuring,con
caffè,coffee
coffee,caffè
lo,it | the | him | that
it | the | him | that,lo
un,a | an | one
a | an | one,un
salve,hello
hello,salve
tè,tea | teas
tea | teas,tè
per favore,please
please,per favore
cornetto,croissant
croissant,cornetto
