"Site Code","Site Name","Site Address","City","Country","Region","Legal Entity Name","ERP Code","Legal Entity Code","Sector","Business Unit","Business Field / Type / Service","%23 of Employees","Tier","Site Data Admin","Site Head","Digtial Lead / SPOC","OT Service Delivery Mgr.","OT Project Delivery Mgr.","OT Engineers","OT Solution Architect","CyberSecurity Mgr.","IT Business Partner","IT/OT Training Status","Roadmap Maturity","Current Maturity (BPOG)","Target Maturity (BPOG)","(Target) DPI Variant","IT Assessment","OT Assessment","DPI Core Implementation","DPI Operations","OT System Integration","Total Number of OT Applications","Number of OT Applications to be migrated to DPI","Number of migrated OT Applications","Migration Completed","Latitude","Longitude","Site Image","Review Due Date","Review Status","ID","MES System","MES Version","MES Template","MES Project Status","MES Main Contact","Site Engineering Director","Data Historian Availability","MIddleware Availability","Used Middleware","Used Data Historian","PM Production","PM Technical contact","PM System Size","PM Start of Operation","PM Technical specials"
"USAL1","Allentown (W)","6950 Ambassador Drive, Allentown, PA 18106, USA","Allentown (W)","United States of America","NASA",,"PRD Oracle","2066/AL01;
1975/BUR-ALN
1753/US63
1975/KAW (former Kankakee)","Life Science","ISCO","DC","65","Tier 2",,,,"Sandy Gribble",,,,"Sandy Gribble",,,"Stage 1 | Site Vision Roamap (idea)",,,"N/A",,,,,,,"1","0","0.0%","40.5969109591336","-75.614606428977",,"11/15/2025 12:37 AM","Completed / Updated","31",,,,,,,,,,,,,,,
"CHAL1","Altdorf","Weisshausmatte, 6460 Altdorf, Switzerland","Altdorf","Switzerland","EMEA","Merck & Cie KmG",,"1079","Life Science","ISCO","ISCO","110","Tier 1","Pirmin Bissig","Fabio Gerig","Pirmin Bissig;Yvonne Gothe","Pirmin Bissig;Yvonne Gothe",,,,"Pirmin Bissig;Yvonne Gothe","Massud Arghandiwall","Ongoing","Stage 2 | Approved Site Masterplan (Site LT approved)","1.3","3","Platinum","N/A","Planning","Completed","Merck-managed","Planning","25","18","7","38.9%","46.8672890163016","8.63342291139889",,"11/14/2025 2:04 AM","Update Pending","17",,,,,,,,,,,,,,,
"IEAR1","Arklow (Closure Announced)",,"Arklow","Ireland","EMEA",,,,"Life Science","ISCO","ISCO","110","Tier 2","Shane Conway",,"Shane Conway;Richie Fortune",,,,,,"Omar Nadhour",,"Stage 1 | Site Vision Roamap (idea)",,,"N/A",,,,,,,"1","0","0.0%","52.771149","-6.21825",,"11/14/2025 2:05 AM","Completed / Updated","18",,,,,,,,,,,,,,,
"JPAT1","Atsugi (W)",,"Atsugi (W)","Japan","APAC",,,,"Life Science","ISCO","DC","45","Tier 1 (NC)","Naoya Shibata",,"Naoya Shibata","Kalpesh Patil",,,,"Kalpesh Patil",,,"Stage 1 | Site Vision Roamap (idea)",,,"N/A",,,,,,,"1","0","0.0%","35.5207","139.34103",,"11/14/2025 5:52 AM","Completed / Updated","19",,,,,,,,,,,,,,,
,"Bangalore (Local DC)","1961/62C7; 1961/62D6; 2123/IN01; 2123/IN02; 2123/IN03; 2123/IN06; 2123/IN09 - SIGMA ALDRICH CHEMICALS","Bangalore","India","APAC",,"P95;PRP","1961/62C7; 1961/62D6; 2123/IN01; 2123/IN02; 2123/IN03; 2123/IN06; 2123/IN09 - SIGMA ALDRICH CHEMICALS","Life Science",,,,,,,,,,,,,,,,,,,,,,,,,,,,,,,,"Completed / Updated","341",,,,,,,,,,,,,,,
"JPBA1","Baraki, Ichikawa (W)",,"Baraki, Ichikawa (W)","Japan","APAC",,,,"Life Science","ISCO","DC","13","Tier 1 (NC)","Narumi Ito",,"Narumi Ito",,,,,,,,"Stage 1 | Site Vision Roamap (idea)",,,"N/A",,,,,,,"1","0","0.0%","35.6957891691549","139.953376168976",,"11/14/2025 5:53 AM","Completed / Updated","20",,,,,,,,,,,,,,,
"CNBE6","Beijing (W)","GLP Logistic Park","Beijing","China","APAC",,"P95 PRP
","2118/CN02
1618/6102","Life Science","ISCO","DC",,,,,,"Kalpesh Patil",,,,"Kalpesh Patil",,,,,,,,,,,,,"1","0","0.0%",,,,,"Completed / Updated","317",,,,,,,,,,,,,,,
"USBF1","Bellefonte",,"Bellefonte","United States of America","NASA",,,,"Life Science","ISCO","ISCO","103","Tier 3","John Hart","Duane Funk","John Hart","John Hart",,,,"John Hart","Pedro Guerrero",,"Stage 1 | Site Vision Roamap (idea)",,,"N/A",,,,,,,"1","0","0.0%","40.8831124487144","-77.7389516591157",,"11/14/2025 5:55 AM","Completed / Updated","21",,,,,,,,,,,,,,,
"USBI1","Billerica",,"Billerica","United States of America","NASA",,,,"Life Science","ISCO","ISCO",,"Tier 1 (NC)",,,,,,,,,,,"Stage 1 | Site Vision Roamap (idea)",,,"N/A",,,,,,,"1",,,"42.5134408568761","-71.2304873956257",,"11/14/2025 12:42 PM","Completed / Updated","23",,,,,,,,,,,,,,,
"IECO2","Blarney (Cork)",,"Cork","Ireland","EMEA",,,,"Life Science","ISCO","ISCO","100","Tier 1 (NC)","Dave Murphy","Orla Fitzgerald","Fiona Lannin","Dave Murphy","Dave Murphy;Mike Barry","Sami El Sinnari","Dave Murphy","Fiona Lannin","Omar Nadhour","Ongoing","Stage 2 | Approved Site Masterplan (Site LT approved)","3","3","Premium","N/A","N/A","Completed","Merck-managed","Ongoing","24","0","24","#DIV/0!","51.9394675171852","-8.54764599894697",,"1/30/2026 12:44 PM","Completed / Updated","24",,,,,,,,,,,,,,,
"ROBU1","Bucharest (W)",,"Bucharest (W)","Romania","EMEA",,,,"Life Science","ISCO","DC","1","Tier 1 (NC)","Krzysztof Skrobacz",,"Krzysztof Skrobacz",,,,,,,,,,,"N/A",,,,,,,"1","0","0.0%",,,,"11/14/2025 2:22 PM","Completed / Updated","25",,,,,,,,,,,,,,,
"CHBU1","Buchs","Industriestrasse 25, 9470 Buchs","Buchs","Switzerland","EMEA","Sigma Aldrich Production GmbH",,"4120","Life Science","ISCO","ISCO","386","Tier 1","Rolf Kramer","Michael Muehlhofer","Rolf Kramer","Rolf Kramer","Rolf Kramer","Cumali Ilhan",,"Rolf Kramer","Massud Arghandiwall","Ongoing","Stage 2 | Approved Site Masterplan (Site LT approved)",,,"Premium","Completed","Completed","Completed","Planning","Ongoing","80","40","0","0.0%","47.1746030540509","9.47889041254266",,"11/14/2025 10:31 PM","Completed / Updated","26",,,,,,,,,,,,,,,
"HUBU1","Budapest (W)",,"Budapest (W)","Hungary","EMEA",,,,"Life Science","ISCO","DC","1","Tier 1 (NC)","Viktoria Kozak",,"Viktoria Kozak",,,,,,,,,,,"N/A",,,,,,,"1","0","0.0%",,,,"11/14/2025 10:32 PM","Completed / Updated","27",,,,,,,,,,,,,,,
,"Buenos Aires (Local DC)","Centro Logístico Carlos Spegazzini<br>Marconi 877, Carlos Spegazzini – Buenos Aires, Argentina","Buenos Aires","Argentina","NASA",,"P70;PRE","1226/AR01
2112/AR01","Life Science",,,,,,,,"Raul Faudoa",,,,"Raul Faudoa",,,,,,,,,,,,,,,,,,,,"Completed / Updated","342",,,,,,,,,,,,,,,
"USBU1","Burlington",,"Burlington","United States of America","NASA",,,,"Life Science","ISCO","ISCO","115","Tier 1 (NC)","Dharmeshbhai Patel","Traci Lewis","Dharmeshbhai Patel","Dharmeshbhai Patel",,,,"Isaac Saron","Pedro Guerrero",,,,,"N/A",,,,,,,"1","0","0.0%","42.4735552065207","-71.215917381431",,"11/14/2025 10:34 PM","Completed / Updated","28",,,,,,,,,,,,,,,
"BRSP2","Cajamar (W)","Cajamar, Via de Acesso Sul, Km 30 - Rodovia Anhanguera - Módulo B4 - CEP 07790-330 -Cajamar - SP)","Cajamar","Brazil","NASA","Merck","P70 PRE","1227/BR03
2113/BR01","Life Science","ISCO","DC","72","Tier 1","Elias Rodrigues","Gentil Neto","Elias Rodrigues","Elias Rodrigues","Elias Rodrigues",,,"Elias Rodrigues",,,"Stage 1 | Site Vision Roamap (idea)",,,"N/A",,,,,,,"1","0","0.0%","-23.5871030383925","-46.8850148416223",,"11/15/2025 12:44 PM","Completed / Updated","37",,,,,,,,,,,,,,,
"ARSP1","Carlos Spegazzini(W)",,"Carlos Spegazzini(W)","Argentina","NASA",,,,"Life Science","ISCO","DC",,"Tier 3","Pablo BERARDI",,"Pablo BERARDI","Raul Faudoa",,,,"Raul Faudoa",,,,,,"N/A",,,,,,,"1",,,"-34.905746809395","-58.5998061623841",,"11/14/2025 10:35 PM","Completed / Updated","29",,,,,,,,,,,,,,,
"USCA2","Carlsbad","2827 Whiptail Loop W, 92010 Carlsbad, CA, USA","Carlsbad (WPT)","United States of America","NASA","SAFC Carlsbad",,"2086","Life Science","ISCO (CDMO)","PAD / Mfg.","244","Tier 1 (NC)","Christian Ramos","Patrick Boylan","Christian Ramos","Christian Ramos","Christian Ramos","Christian Ramos",,"Christian Ramos","Manu Kaura","Ongoing","Stage 1 | Site Vision Roamap (idea)","2","3","Premium","Completed","Completed","Completed","Cognizant-managed","Ongoing","200","150","60","40.0%","33.1419840931277","-117.254335769318",,"11/13/2025 1:54 PM","Completed / Updated","9",,,,,,,,,,,,,,,
"IECO1","Carrigtwohill (Cork)","Merck Millipore Ltd | Carrigtwohill | Co Cork | T45 KD29  | Ireland ","Cork","Ireland","EMEA","Merck Millipore Ireland Ltd",,"1937","Life Science","ISCO","ISCO","800","Tier 1","Fiona Lannin","Karen OConnor","Fiona Lannin;Dave Murphy;Mike Barry","Andreas Nicklas;Dave Murphy","Mike Barry","Aquib Khan","Dave Murphy","Fiona Lannin","Omar Nadhour","Ongoing","Stage 1 | Site Vision Roamap (idea)","2","3","Platinum",,"Completed","Completed","Merck-managed","Ongoing","50","46","4","8.7%","51.9101705741376","-8.27743754441988",,"11/15/2025 12:42 PM","Completed / Updated","36",,,,,,,,,,,,,,,
"IECO1","Carrigtwohill (W)","Merck Millipore Ltd | Carrigtwohill | Co Cork | T45 KD29  | Ireland ","Carrigtwohill (W)","Ireland","EMEA","Merck Millipore Ireland Ltd",,"1937","Life Science","ISCO","DC","800","Tier 1","Fiona Lannin","Karen OConnor","Fiona Lannin",,,,"Dave Murphy",,"Omar Nadhour",,"Stage 1 | Site Vision Roamap (idea)",,,"N/A","N/A","N/A",,,,,"1","0","0.0%","51.9063399773465","-8.27902428116528",,"11/15/2025 9:22 AM","Completed / Updated","33",,,,,,,,,,,,,,,
,"Ciudad de Guatemala (Regional DC)","12 Avenida 0-33 <br>Zona 2<br>Ciudad de Guatemala","Ciudad de Guatemala","Guatemala","NASA",,"P70","1032/GT01","Life Science",,,,,,,,,,,,,,,,,,,,,,,,,,,,,,,,"Completed / Updated","348",,,,,,,,,,,,,,,
"USCL1","Cleveland",,"Cleveland","United States of America","NASA",,,,"Life Science","ISCO","ISCO","95","Tier 1 (NC)","John Hart","Eric Tackett","John Hart","John Hart",,,,"John Hart","Pedro Guerrero",,,,,"N/A",,,,,,,"1","0","0.0%","41.439879996299","-81.6565732415408",,"11/15/2025 9:25 AM","Completed / Updated","35",,,,,,,,,,,,,,,
"KRDA2","Daejeon","85, Gukjegwahak 18-ro, Yuseong-gu, Daejeon, Republic of Korea 34002
","Daejeon","South Korea","APAC",,"PRP PSE
","2131/KR03
1243/6527","Life Science","ISCO","PAD / Mfg.",,,"Sung-Ho Jun","Jai-Jun Kim","Sung-Ho Jun","Han-Lim Cho;Bo Teng","Su-Chang Kim;Min-Pyo Hong","Su-Chang Kim;Min-Pyo Hong;Han-Lim Cho;Hyung-Seok Kim",,,"Damon Zhu","Ongoing",,,,"Premium","Completed","Completed","Completed","Externally-managed","Ongoing","7","7","0","0.0%","36.442981","127.354308",,"11/27/2025 11:21 AM","Update Pending","306",,,,,,"Ulrich Breitenbach",,,,,,,,,
"USDA1","Danvers","17 Cherry Hill Drive, Danvers, MA 01923","Danvers","United States of America","NASA","MilliporeSigma Corporation",,,"Life Science","ISCO","ISCO","881","Tier 1","Isaac Saron","Rafael Zagato","Isaac Saron","Dharmeshbhai Patel;Derek Orzel-Lockwood","Isaac Saron","TJ Neville;Derek Orzel-Lockwood;Dennis Nesline","Derek Orzel-Lockwood","Isaac Saron","Pedro Guerrero","Ongoing","Stage 2 | Approved Site Masterplan (Site LT approved)","2","3","Premium","Completed","Completed","Ongoing","Planning","Ongoing",,"1","0","0.0%","42.4813640039552","-71.2163075074285",,"11/15/2025 12:45 PM","Completed / Updated","38",,,,,,"Paul Jacobson",,,,,,,,,
"DEDA1","Darmstadt","Frankfurter Str. 250, 64293 Darmstadt ","Darmstadt","Germany","EMEA","Merck Life Science KGaA",,"1190","Life Science","ISCO","Production & Quality","1326","Tier 1 (NC)","Lukas Litters","Miriam Drayss","Lukas Litters;Sebastian Druwe;Silke Schmid","Steffen Raab;Daniel Marquard;Fraz Ahmad;Sebastian Druwe","Svenja Theissen;Philipp Buehle;Timo Schmid","Stefan A Wall;Maximilian Viess",,"Sebastian Druwe","Massud Arghandiwall","Completed","Stage 2 | Approved Site Masterplan (Site LT approved)",,,"Premium","Completed","Ongoing","Completed","Planning","Ongoing","670","325","75","23.1%","49.872826","8.651193",,"11/15/2025 6:50 PM","Completed / Updated","39","PAS-X",,,,"Fraz Ahmad",,,,,,,,,,
"DEDAX","Darmstadt (W)","Merck KGAA,<br>Frankfurter Strasse 250, 64291 Darmstadt<br>Virchowstrasse,<br>64293 Darmstadt","Darmstadt (W)","Germany","EMEA",,"P16","1190/0101","Life Science","ISCO","DC",,"Tier 1 (NC)","Thorsten Mueller","Matthias Buerk","Thorsten Mueller","Fabian Schuster",,,,"Axel Niedermaier;Thomas Riebel","Massud Arghandiwall",,,,,"N/A",,,,,,,"1","0","0.0%","49.8953673102745","8.65292928085693",,"11/15/2025 6:51 PM","Completed / Updated","40",,,,,,,,,,,,,,,
,"Dong Nai (Local DC)","Street No.6, Nhon Trach 3 Industrial Park , Nhon Trach District, Dong Nai Province, Vietnam","Dong Nai","Vietnam","APAC",,"local iScala","1798/ unknown
","Life Science",,,,,,,,,,,,,,,,,,,,,,,,,,,,,,,,"Completed / Updated","351",,,,,,,,,,,,,,,
"UKED1","Edinburgh","The Doherty Building, Pentlands Science Park, Bush Loan, EH26 0PZ Penicuik","Edinburgh","Scotland","EMEA","BioReliance LTD",,"2037","Life Science","CTS","Testing","25","Tier 1 (NC)","Samuel Pereira","Amanda Novak","Samuel Pereira;Richard Guthrie",,,,,,"Omar Nadhour",,,,,"Essential",,,,,,,"1","0","0.0%","55.8982996024475","-3.55199392378284",,"11/15/2025 11:01 PM","Update Pending","43",,,,,,,,,,,,,,,
"UKGI1","Gillingham (W)","SIAL Co Ltd.<br>The Old Brickyard,<br>New Road, Gillingham,<br>Dorset SP8 4XT","Gillingham (W)","England","EMEA",,"PRE","2047/GB01","Life Science","ISCO","DC",,"Tier 2",,,,"Ian Hurdman",,,,"Ian Hurdman",,,,,,"N/A",,,,,,,"1",,,"51.0309306190824","-2.27649084890311",,"11/16/2025 2:25 AM","Completed / Updated","46",,,,,,,,,,,,,,,
"UKGL1","Glasgow","Unit 5, Todd Campus, West of Scotland Science Park, Glasgow","Glasgow","Scotland","EMEA","BioReliance Limited",,"2037","Life Science","CTS","Testing","500","Tier 1 (NC)","Richard Guthrie","Judith Clarke","Samuel Pereira;Richard Guthrie",,,,,,"Omar Nadhour",,"Stage 1 | Site Vision Roamap (idea)",,,"Premium","Completed","N/A","Completed",,"Ongoing",,"380","80","21.1%","55.9054885021561","-4.30991849391774",,"11/13/2025 1:51 PM","Update Pending","7",,,,,,,,,,,,,,,
"MYKUX","Glenmarie (W)",,"Glenmarie (W)","Malaysia","APAC",,,,"Life Science","ISCO","DC","16","Tier 1 (NC)","Lee Soon Sim",,"Lee Soon Sim",,,,,,,,,,,"N/A",,,,,,,,,,"3.08426306919929","101.561098551303",,"11/16/2025 4:07 AM","Completed / Updated","48",,,,,,,,,,,,,,,
"CNGU1","Guanghzou (W)",,"Guanghzou (W)","China","APAC",,,,"Life Science","ISCO","DC","1","Tier 3",,,,,,,,,,,,,,"N/A",,,,,,"1",,,,,,,"11/16/2025 4:09 AM","Completed / Updated","49",,,,,,,,,,,,,,,
"GTGU1","Guatemala City (W)",,"Guatemala City (W)","Guatemala","NASA",,,,"Life Science","ISCO","DC","178","Tier 1","Valeria Giordanelli",,"Valeria Giordanelli","Raul Faudoa",,,,"Raul Faudoa",,,,,,"N/A",,,,,,,,,,"14.6329447655802","-90.5772002020391",,"11/16/2025 7:40 PM","Completed / Updated","50",,,,,,,,,,,,,,,
"UKHA1","Haverhill",,"Haverhill","England","EMEA",,,,"Life Science","ISCO","ISCO","100","Tier 3","Leigh Gordon",,"Avihai Diamant","Avihai Diamant",,,,"Avihai Diamant","Omar Nadhour",,,,,"N/A",,,,,,,,,,"52.0746611246786","0.426872550892883",,"11/16/2025 7:44 PM","Completed / Updated","55",,,,,,,,,,,,,,,
"VNHO2","Ho-Chi-Minh City (W)",,"Ho-Chi-Minh City (W)","Vietnam","APAC",,,,"Life Science","ISCO","DC","1","Tier 3","Jae-Jin Kim",,"Jae-Jin Kim","Kalpesh Patil",,,,"Kalpesh Patil",,,,,,"N/A",,,,,,"1",,,,,,,"11/16/2025 7:45 PM","Completed / Updated","57",,,,,,,,,,,,,,,
"CNHO1","Hong Kong (W)",,"Hong Kong (W)","China","APAC",,,,"Life Science","ISCO","DC",,"Tier 3","Marco Cheung",,"Marco Cheung",,,,,,,,,,,"N/A",,,,,,,,,,,,,"11/16/2025 7:47 PM","Completed / Updated","59",,,,,,,,,,,,,,,
"JPIC1","Ichikawa (W)","368 Omachi, Ichikawa-shi, Chiba-pref., Japan","Ichikawa (W)","Japan","APAC",,"PRD","2136/TK02;
2136/OS02","Life Science","ISCO","DC","45","Tier 1 (NC)","Narumi Ito",,"Narumi Ito","Kalpesh Patil",,,,"Kalpesh Patil",,,,,,"N/A",,,,,,,,,,"35.7593213780911","139.968159330519",,"11/16/2025 7:48 PM","Completed / Updated","60",,,,,,,,,,,,,,,
"KRIN1","Incheon (W)",,"Incheon (W)","South Korea","APAC",,,,"Life Science","ISCO","DC","28","Tier 1 (NC)","Emrae Jung",,"Emrae Jung",,,,,,,,,,,"N/A",,,,,,,,,,"37.3621854369193","126.654523684763",,"11/16/2025 11:29 PM","Completed / Updated","61",,,,,,,,,,,,,,,
"USIN1","Indianapolis","6925 Guion Rd, 46268 Indianapolis, IN, USA","Indianapolis","United States of America","NASA","Exelead",,"2245","Life Science","ISCO (CDMO)","PAD / Mfg. / Testing","310","Tier 1 (NC)","Naveen Kacharla","Jason Vaughn","Naveen Kacharla","Naveen Kacharla",,,,"Naveen Kacharla","Pradeep Daryani",,"Stage 1 | Site Vision Roamap (idea)",,,"Premium","Completed","Planning","Ongoing",,"Planning","26",,,,"39.8802628543599","-86.2299455833804",,"11/13/2025 7:52 PM","Completed / Updated","13",,,,,,,,,,,,,,,
"UKIR1","Irvine",,"Irvine","Scotland","EMEA",,,,"Life Science","ISCO","ISCO","247","Tier 2",,"Mauricio Camargo","April Lawson;Avihai Diamant","Avihai Diamant",,,,"Avihai Diamant","Omar Nadhour",,,,,"N/A",,"Completed","Planning","N/A","Planning",,,,,"55.6046795231369","-4.6685037717207",,"11/16/2025 11:30 PM","Completed / Updated","63",,,,,,,,,,,,,,,
"USJA1","Jaffrey",,"Jaffrey","United States of America","NASA",,,,"Life Science","ISCO","ISCO","1133","Tier 1 (NC)","Sija Jacob","Niall Buckley","Tim Dobosz;Brian Bettencourt","Tim Dobosz",,,,"Tim Dobosz;Brian Bettencourt","Pedro Guerrero",,,,,"Premium",,"Completed","Planning",,,,,,,"42.7985868844347","-71.9821988419475",,"11/16/2025 11:32 PM","Update Pending","64",,,,,,,,,,,,,,,
"USJA2","Jaffrey (W)",,"Jaffrey (W)","United States of America","NASA",,,,"Life Science","ISCO","DC",,"Tier 1","Thomas Martin",,"Thomas Martin",,,,,,"Pedro Guerrero",,,,,"N/A",,,,,,,,,,"42.8059080821103","-72.0086728138588",,"11/16/2025 11:33 PM","Completed / Updated","65",,,,,,,,,,,,,,,
"IDJA2","Jakarta (W)",,"Jakarta (W)","Indonesia","APAC",,,,"Life Science","ISCO","DC","1","Tier 1","Dodi Gunawan",,"Dodi Gunawan",,,,,,,,,,,"N/A",,,,,,"1",,,,,,,"11/16/2025 11:34 PM","Completed / Updated","66",,,,,,,,,,,,,,,
"ILJE1","Jerusalem","Hamada 13 & 15 Jerusalem","Jerusalem","Israel","EMEA","Sigma Aldrich Israel LTD",,"2125","Life Science","ISCO","ISCO","110","Tier 3","Avihai Diamant","Arie Mayer","Avihai Diamant","Avihai Diamant",,"Tal Gilad",,"Avihai Diamant","Omar Nadhour",,"Stage 1 | Site Vision Roamap (idea)","2","4","N/A","N/A","N/A","N/A","N/A","N/A","50","50","0","0.0%","31.8034890692945","35.2070521191561",,"11/16/2025 11:36 PM","Completed / Updated","67",,,,,,,,,,,,,,,
"INJI1","Jigani",,"Jigani","India","APAC",,,,"Life Science","ISCO","ISCO","113","Tier 3","Naval Kishore Bhatt",,"Mahadeva Prasad;Naval Kishore Bhatt","Mahadeva Prasad",,,,"Mahadeva Prasad","Damon Zhu",,,,,"N/A",,,,,,,,,,"12.8047753760817","77.6637882253396",,"11/16/2025 11:37 PM","Completed / Updated","68",,,,,,,,,,,,,,,
,"Johannesburg (W)",,"Johannesburg (W)","South Africa","EMEA",,,,"Life Science","ISCO","DC","1","Tier 1 (NC)",,,,,,,,,,,,,,"N/A",,,,,,"1",,,,,,,"11/16/2025 11:39 PM","Completed / Updated","69",,,,,,,,,,,,,,,
"USKA1","Kankakee",,"Kankakee","United States of America","NASA",,,,"Life Science","ISCO","ISCO","85","Tier 2","Charles Snyder","Charles Snyder","Cindy Carrion","Cindy Carrion",,,,"Cindy Carrion","Manu Kaura",,,,,"N/A","N/A","N/A","N/A","N/A",,"19",,,,"41.1272683657454","-87.8657682267556",,"11/16/2025 11:41 PM","Completed / Updated","70",,,,,,,,,,,,,,,
"USKA2","Kankakee (W)",,"Kankakee (W)","United States of America","NASA",,,,"Life Science","ISCO","DC",,"Tier 3","Charles Snyder",,"Charles Snyder",,,,,,"Manu Kaura",,,,,"N/A",,,,,,,,,,"41.1248778983359","-87.8302237620074",,"11/17/2025 3:32 AM","Completed / Updated","71",,,,,,,,,,,,,,,
"INPEX","Khalapur (W)",,"Khalapur (W)","India","APAC",,,,"Life Science","ISCO","DC",,"Tier 3",,,,,,,,,,,,,,"N/A",,,,,,,,,,"18.8733089892845","73.1856935513658",,"11/17/2025 3:33 AM","Completed / Updated","72",,,,,,,,,,,,,,,
"USLE2","Lenexa (Rene)","13804 W 107th St.","Lenexa (Rene)","United States of America","NASA","SAFC Biosciences, INC",,"2085","Life Science","ISCO","ISCO","285",,"Jennifer Bollinger","Daisy Brewer","Stephen Ryno","Daniel Rowland","Michele Gregg","Daniel Rowland;Daniel Jasion","Aleksei Shkarin","Daniel Rowland","Manu Kaura",,,,,"Premium","Completed","Completed","Planning","Planning","Planning","18","15",,,"38.9351721190167","-94.745682829953",,"11/17/2025 5:09 AM","Update Pending","74",,,,,,"Michele Gregg",,,,,,,,,
"USLE1","Lenexa (W)",,"Lenexa (W)","United States of America","NASA",,,,"Life Science","ISCO","DC",,"Tier 1 (NC)","Rafael Zagato",,"Rafael Zagato;Andrew Thiele;Michael Robbins",,,,,,"Manu Kaura",,,,,"N/A",,,,,,,,,,"38.9353048994353","-94.7456199794294",,"11/17/2025 9:12 AM","Completed / Updated","75",,,,,,,,,,,,,,,
"BELE1","Leuven","Technologielaan 8, 3001 Leuven, Belgien","Leuven","Belgium","EMEA",,,,"Life Science","ISCO","ISCO","60",,"MARLEEN VAN GESTEL","NICOLAS DELATTIN","MARLEEN VAN GESTEL",,,,,,,"Not Assigned",,,,"Premium","Completed","Completed","Ongoing","Planning","Planning","6","6","0","0.0%","50.85292","4.73042",,"8/13/2026 12:00 AM","Completed / Updated","377",,,,,,,,,,,,,,,
"UKLI1","Livingston",,"Livingston","Scotland","EMEA",,,,"Life Science","ISCO","ISCO","118","Tier 2","Andrew O' Donnell",,"Avihai Diamant","Avihai Diamant",,,,"Avihai Diamant","Omar Nadhour",,,,,"N/A",,,,,,,,,,"55.8834402478952","-3.55150253401479",,"11/17/2025 5:11 PM","Completed / Updated","79",,,,,,,,,,,,,,,
"FRLY1","Lyon (W)","Lyon Distribution Center<br>Rue du Luzais<br>F 38920 Saint Quentin<br>Fallavier","Lyon (W)","France","EMEA",,"PRE","2014/FR02;
2014/FR05 (regulatory items)","Life Science","ISCO","DC","1","Tier 1 (NC)","Laure Muller",,"Laure Muller","Nicolas Perrin;Florian Rodriguez",,,,"Nicolas Perrin;Florian Rodriguez",,,,,,"N/A",,,,,,"1",,,,,,,"11/17/2025 5:13 PM","Completed / Updated","80",,,,,,,,,,,,,,,
"USMD1","Madison","645 Science Drive, 53711 Madison, WI, USA","Madison","United States of America","NASA","SAFC",,"2088","Life Science","ISCO (CDMO)","PAD / Mfg. / Testing","190","Tier 1 (NC)","Nathan Roos","Jenny Fong","Nathan Roos","Nathan Roos","Nathan Roos","Scott Langer;Stephen Gilbert",,"Nathan Roos","Pradeep Daryani",,"Stage 1 | Site Vision Roamap (idea)","2","3","Premium","Completed","Completed","Completed","Planning","Planning",,"2","0","0.0%","43.055377","-89.4725140448626",,"11/13/2025 5:56 PM","Completed / Updated","10",,,,,,,,,,,,,,,
"AUME1","Melbourne (W)",,"Melbourne (W)","Australia","APAC",,,,"Life Science","ISCO","DC","1","Tier 1 (NC)","Brent Gittus",,"Brent Gittus",,,,,,,,,,,"N/A",,,,,,,,,,,,,"11/17/2025 5:14 PM","Completed / Updated","83",,,,,,,,,,,,,,,
"FRME1","Meyzieu",,"Meyzieu","France","EMEA",,,,"Life Science","ISCO","ISCO","198","Tier 1 (NC)","Guillaume Brosseau",,"Guillaume Brosseau",,,,,,,,,,,"N/A",,,,,,,,,,"45.7786464026195","5.02863002288609",,"11/17/2025 5:16 PM","Completed / Updated","84",,,,,,,,,,,,,,,
"USDY1","Miamisburg","3858 Benner Rd","Miamisburg","United States of America","NASA","Aldrich Chemical CO LLC",,"2066","Life Science","ISCO","ISCO","92","Tier 3","John Shay","Larry Coers","John Shay","John Shay",,,,"John Shay","Pedro Guerrero",,"Stage 1 | Site Vision Roamap (idea)","2","3","N/A","N/A","Completed","N/A","N/A","N/A","0","0","0","#DIV/0!","39.6164449960818","-84.2427514413327",,"11/17/2025 5:17 PM","Completed / Updated","85",,,,,,,,,,,,,,,
"USMI1","Milwaukee","6000 North Teutonia Avenue, Milwaukee, WI 53209, USA","Milwaukee","United States of America","NASA",,"PRD","2066/MW01","Life Science","ISCO","ISCO","567","Tier 1","Luke Kellner","David Casper","Jordan Yehle;Luke Kellner","Jordan Yehle",,,,"Jordan Yehle","Manu Kaura",,,,,"N/A","N/A","N/A","N/A","N/A","N/A",,,,,"43.1270558596867","-87.9517390372333",,"11/17/2025 10:40 PM","Completed / Updated","86",,,,,,,,,,,,,,,
"USMIX","Milwaukee (W)",,,"United States of America","NASA",,,,"Life Science","ISCO","DC",,,,,,"Michael Farragher",,,,"Michael Farragher",,,,,,,,,,,,,"1","0","0.0%",,,,,"Completed / Updated","315",,,,,,,,,,,,,,,
"FRMO1","Molsheim","39 route industrielle de la hardt","Molsheim","France","EMEA",,,,"Life Science","ISCO","ISCO","2500","Tier 1","Robin Stalter","Manuel Lang","Robin Stalter;Gregory Kientzy","Robin Stalter","Mathieu Colin","Robin Stalter;Patrick Szpera;Faical MRIZAK;Aurelien Pratviel;Manel AOUDIA;Mufan JIANG;Mathieu Colin;Matthieu Lahousse","Robin Stalter","Robin Stalter","Omar Nadhour","Completed","Stage 2 | Approved Site Masterplan (Site LT approved)",,,"Premium","Completed","Completed","Completed","Externally-managed","Ongoing","250","200","36","18.0%","48.5396125248509","7.52754329336101",,"11/17/2025 10:41 PM","Completed / Updated","87",,,,,,"David Brevet",,,,,,,"67 assets","Aug 2026",
"CNNA2","Nantong",,"Nantong","China","APAC","Merck Life Science Technologies（Nantong）Co., Ltd",,"1213","Life Science","ISCO","ISCO","237","Tier 1","Mike Xu",,"Tony Lu;Eric Song","Eric Song;Mike Xu","Mike Xu",,,"Mike Xu","Damon Zhu","Ongoing",,,,"Premium","Completed","Completed","Completed","Merck-managed","Ongoing",,,,,"31.8430428988222","120.980181810382",,"11/18/2025 6:27 AM","Completed / Updated","88",,,,,,,,,,,,,,,
"INMU1","Navi Mumbai",,"Navi Mumbai","India","APAC",,,,"Life Science","ISCO","ISCO","70","Tier 1 (NC)","Anoop Srivastava","Sagar Jadhav","Anoop Srivastava","Neeraj Srivastava",,,,"Neeraj Srivastava",,,,,,"N/A",,,,,,,,,,"19.0939288214693","72.9217221444778",,"11/18/2025 6:28 AM","Completed / Updated","89",,,,,,,,,,,,,,,
"INMU2","Navi Mumbai (W)","Plot No. A-2/1  |  MIDC | Patalganga l Borivali Ind. Area l Tal. Khalapur l Dist. – Raigad - 410220 l Maharashtra l India","Navi Mumbai","India","APAC",,"P95","1961/62C6","Life Science","ISCO","DC",,,,,,"Kalpesh Patil",,,,"Kalpesh Patil",,,,,,,,,,,,,"1","0","0.0%",,,,,"Completed / Updated","318",,,,,,,,,,,,,,,
"USNO1","Norwood","2909 Highland Ave, Norwood, OH 45212, USA","Norwood","United States of America","NASA","MilliporeSigma","P80","1753/US04","Life Science","ISCO","ISCO","124","Tier 2","John Hart","Charles Phillips","John Hart","John Hart",,,,"John Hart","Pedro Guerrero",,,,,"N/A",,,,,,,,,,"39.1662540070414","-84.4357772520466",,"11/18/2025 2:48 PM","Completed / Updated","92",,,,,,,,,,,,,,,
"CATO1","Oakville (W)","2149 Winston Park Drive, Oakville, ON L6H 6J8 Canada","Oakville (W)","Canada","NASA","MilliporeSigma","PRP","2063/CA01","Life Science","ISCO","DC","60","Tier 2","Lancy DSouza",,"Lancy DSouza","Michael Farragher",,,,"Michael Farragher",,,,,,"N/A",,,,,,,,,,"43.5099723277027","-79.6726044618494",,"11/18/2025 2:49 PM","Completed / Updated","93",,,,,,,,,,,,,,,
"INMU5","Patalganga (W)",,"Patalganga (W)","India","APAC",,,,"Life Science","ISCO","DC","50","Tier 1 (NC)","Pritam Rane",,"Pritam Rane;Gopal Singh Bangari",,,,,,,,,,,"N/A",,,,,,,,,,"18.8736408520063","73.1856470846553",,"11/18/2025 2:51 PM","Completed / Updated","94",,,,,,,,,,,,,,,
"INPE1","Peenya",,"Peenya","India","APAC",,,,"Life Science","ISCO","ISCO","131","Tier 2","Ponraj Ponnusamy",,"Ponraj Ponnusamy","Abhijith R",,,,"Abhijith R","Damon Zhu",,,,,"N/A",,,,,,,,,,"13.0291085634229","77.5190930533095",,"11/18/2025 2:52 PM","Completed / Updated","95",,,,,,,,,,,,,,,
"FRPE1","Pessac","Bâtiment Colibri, 6 rue Adrienne Bolland, 33600 Pessac","Pessac","France","EMEA","Merck Biodevelopment SAS",,"1852","Life Science","LS R&D","R&D",,,"Jeremy Peyrol","Cedric Mesmin","Jeremy Peyrol","Jeremy Peyrol",,,,,,,,,,"Premium Lite","Completed","Completed","Ongoing","Planning","Ongoing","17","1","0","0.0%","44.799412","-0.647755",,,"Update Pending","329",,,,,,,,,,,,,,,
"USPW1","Port Washington (W)",,"Port Washington (W)","United States of America","NASA",,,,"Life Science","ISCO","DC","7","Tier 1 (NC)","Chaz Washington",,"Chaz Washington",,,,,,,,,,,"N/A",,,,,,,,,,"43.3839267160696","-87.8824243002138",,"11/18/2025 10:25 PM","Completed / Updated","97",,,,,,,,,,,,,,,
"PLPO1","Poznan (W)",,"Poznan (W)","Poland","EMEA",,,,"Life Science","ISCO","DC","1","Tier 1 (NC)","Krzysztof Skrobacz",,"Krzysztof Skrobacz",,,,,,,,,,,"N/A",,,,,,,,,,,,,"11/18/2025 10:26 PM","Completed / Updated","98",,,,,,,,,,,,,,,
"CZPR1","Prague (W)",,"Prague (W)","Czech Republic","EMEA",,,,"Life Science","ISCO","DC","1","Tier 1 (NC)","Petr Korcak",,"Petr Korcak",,,,,,,,,,,"N/A",,,,,,,,,,,,,"11/18/2025 11:18 PM","Completed / Updated","99",,,,,,,,,,,,,,,
"USRE1","Reading (W)",,"Reading (W)","United States of America","NASA",,,,"Life Science","ISCO","DC",,"Tier 1 (NC)",,,,,,,,,,,,,,"N/A",,,,,,,,,,"40.3212297383901","-76.0491994256288",,"11/18/2025 11:20 PM","Completed / Updated","100",,,,,,,,,,,,,,,
"ILRE1","Rehovot","Plaut 3","Rehovot","Israel","EMEA","Sigma Aldritch Israel LTD",,"2125","Life Science","ISCO","ISCO","150","Tier 1 (NC)","Avihai Diamant","Arie Mayer","Avihai Diamant","Avihai Diamant",,"Tal Gilad",,"Avihai Diamant","Omar Nadhour",,,,,"N/A",,,,,,,,,,"31.9125788585234","34.8042774264048",,"11/18/2025 11:21 PM","Completed / Updated","102",,,,,,,,,,,,,,,
"USRC1","Rocklin (W)",,"Rocklin (W)","United States of America","NASA",,,,"Life Science","ISCO","DC",,"Tier 3",,,,,,,,,,,,,,"N/A",,,,,,,,,,"38.8129187302069","-121.303677699695",,"11/19/2025 1:15 PM","Completed / Updated","104",,,,,,,,,,,,,,,
"USRK1","Rockville","14920 Broschart Rd, 20850 Rockville, MD, USA ","Rockville","United States of America","NASA","BioReliance Corporation",,"2072","Life Science","CTS","Testing","600","Tier 1 (NC)","Richard Guthrie","Pedro Diaz","Samuel Pereira",,,,,,"Pedro Guerrero",,"Stage 1 | Site Vision Roamap (idea)",,,"Premium","Completed","N/A","Completed",,"Ongoing",,"860","60","7.0%","39.1013563864363","-77.201556658502",,"11/13/2025 5:58 PM","Update Pending","11",,,,,,,,,,,,,,,
"USRO1","Round Rock",,"Round Rock","United States of America","NASA",,,,"Life Science","ISCO","ISCO","120","Tier 3","Kendra Laflin","Rebecca Johnson","Kendra Laflin","Kendra Laflin",,,,"Kendra Laflin",,,,,,"N/A",,,,,,,,,,"30.5420470770534","-97.6899765250677",,"11/19/2025 1:16 PM","Completed / Updated","106",,,,,,,,,,,,,,,
"THSA1","Samut Prakan (W)","660, Soi 3C, Bangpoo Industrial Estate , Prakasa, Muang , Samutprakarn 10280
","Samut Prakan (W)","Thailand","APAC",,"local iScala","1044/ unknown","Life Science","ISCO","DC",,"Tier 2","Rangsima Simargool",,"Rangsima Simargool","Kalpesh Patil",,,,"Kalpesh Patil",,,,,,"N/A",,,,,,,,,,"13.5534694165581","100.65218924141",,"11/19/2025 1:18 PM","Completed / Updated","107",,,,,,,,,,,,,,,
"JPXX1","Sanda (W)",,"Sanda (W)","Japan","APAC",,,,"Life Science","ISCO","DC",,"Tier 1 (NC)","Narumi Ito",,"Narumi Ito",,,,,,,,,,,"N/A",,,,,,,,,,"34.9313325467154","135.162100578953",,"11/19/2025 1:19 PM","Completed / Updated","108",,,,,,,,,,,,,,,
"CLSA1","Santiago (W)","Rio Palena 9669, Pudahuel, Santiogo de Chile","Santiago (W)","Chile","NASA",,"P70 PRE","1028/CL01
2115/CL01","Life Science","ISCO","DC","25","Tier 1 (NC)","Max Barril",,"Max Barril","Raul Faudoa",,,,"Raul Faudoa",,,,,,"N/A",,,,,,,"1","0","0.0%","-33.4209673803807","-70.7800501327566",,"11/15/2025 11:03 PM","Completed / Updated","44",,,,,,,,,,,,,,,
"CHSC1","Schaffhausen","Im Laternenacker 5, 8200 Schaffhausen, Schweiz","Schaffhausen","Switzerland","EMEA","Merck & Cie KmG",,"1079","Life Science","ISCO (CDMO)","PAD / Mfg. / Testing","170","Tier 2","Frank Grieshaber","Martin Knuesel","Frank Grieshaber;Christian Rueeger","Frank Grieshaber","Frank Grieshaber",,,"Frank Grieshaber","Massud Arghandiwall","Ongoing","Stage 1 | Site Vision Roamap (idea)","1","3","Platinum","Completed","N/A","Completed","Merck-managed","Ongoing","40","20","10","50.0%","47.7024584402711","8.64781775792523","Rockville_M3484_221004_183.jpg","11/13/2025 1:42 PM","Completed / Updated","1",,,,,,"Robert Froehlich",,,,,,,,,
"DESC1","Schnelldorf",,"Schnelldorf","Germany","EMEA",,,,"Life Science","ISCO","ISCO","470","Tier 1 (NC)","Pawel Sonnek","Oliver Schramel;Eric Goulet","Pawel Sonnek;Haochen Zuo;Patrick Finsterer","Haochen Zuo",,"Haochen Zuo",,"Haochen Zuo","Massud Arghandiwall","Ongoing",,,,"Premium","N/A","Planning","Completed","Externally-managed","Ongoing",,,"5",,"49.1921260846941","10.1777196227255",,"11/19/2025 8:00 PM","Update Pending","113",,,,,,,,,,,,,,,
"DESC1","Schnelldorf (W)","Kappelweg 1<br>D 91625 Schnelldorf","Schnelldorf (W)","Germany","EMEA",,"PRE","2002/DE01 - Schnelldorf SAP; 2002/DE04
","Life Science","ISCO","DC",,"Tier 1",,,,"Haochen Zuo",,,,"Haochen Zuo","Massud Arghandiwall",,,,,"N/A",,,,,,,,,,"49.1926114060591","10.1777725763415",,"11/19/2025 8:03 PM","Completed / Updated","115",,,,,,,,,,,,,,,
"USSE1","Seattle",,"Seattle","United States of America","NASA",,,,"Life Science","ISCO","ISCO",,"Tier 1 (NC)",,,,,,,,,,,,,,"N/A",,,,,,,,,,"47.6262074193699","-122.368000002779",,"11/19/2025 8:05 PM","Completed / Updated","116",,,,,,,,,,,,,,,
"MYKU2","Shah Alam (W)","4, Jalan U1/26,Section U1, Hicom Glenmarie Industrial Park, 40150 Shah Alam, Selangor Darul Ehsan, Malaysia","Shah Alam (W)","Malaysia","APAC",,"iScala PRE","1042/
01 - Main WH;
2126/MY01","Life Science","ISCO","DC",,"Tier 3","Yin Yin Yee",,"Yin Yin Yee","Kalpesh Patil",,,,"Kalpesh Patil",,,,,,"N/A",,,,,,,,,,"3.06976053925351","101.610135867539",,"11/20/2025 12:47 AM","Completed / Updated","117",,,,,,,,,,,,,,,
"CNSH6","Shanghai",,"Shanghai","China","APAC",,,,"Life Science","ISCO","ISCO",,"Tier 1 (NC)","Jingru Shi",,"Jingru Shi",,,,,,"Damon Zhu",,,,,"N/A",,,,,,,,,,,,,"11/18/2025 6:30 AM","Completed / Updated","90",,,,,,,,,,,,,,,
,"Shanghai (Pudong) (Local DC)","Shanghai Pudong Zhangjiang","Shanghai (Pudong)","China","APAC",,"PRP","2118/CN01","Life Science",,,,,,,,,,,,,,,,,,,,,,,,,,,,,,,,"Completed / Updated","369",,,,,,,,,,,,,,,
"CNSH7","Shanghai (W1)",,"Shanghai (W1)","China","APAC",,,,"Life Science","ISCO","DC","60","Tier 3","Leon Lu",,"Leon Lu","Kalpesh Patil",,,,"Kalpesh Patil","Damon Zhu",,,,,"N/A",,,,,,,,,,"31.2255030408942","121.44989639509",,"11/18/2025 2:46 PM","Completed / Updated","91",,,,,,,,,,,,,,,
"CNSH8","Shanghai (W2)",,"Shanghai (W2)","China","APAC",,,,"Life Science","ISCO","DC","60","Tier 1",,,,,,,,,"Damon Zhu",,,,,"N/A",,,,,,,,,,"31.2463326","121.7018403",,"11/19/2025 8:02 PM","Completed / Updated","114",,,,,,,,,,,,,,,
"USSH1","Sheboygan","5485 Co Rd V, Sheboygan Falls, WI 53085, Vereinigte Staaten","Sheboygan","United States of America","NASA",,,,"Life Science","ISCO","ISCO","582","Tier 1","Jason Vickers","Prabhat Verma","Marek Stanislawczyk","Marek Stanislawczyk","Marek Stanislawczyk","Marek Stanislawczyk;Abdul Hannan Khalid;Benjamin Batura;Nicholas C Thomas",,"Marek Stanislawczyk","Manu Kaura",,"Stage 1 | Site Vision Roamap (idea)","1","3","Premium","Completed","Ongoing","Completed","Planning","Ongoing",,,"2",,"43.6728335520222","-87.7815622696588",,"11/20/2025 12:49 AM","Completed / Updated","119",,,,,,,,,,,,,,,
"SGSI6","Singapore","2 Science Park Dr, Ascent, #04-01/12 2, Singapore Science Park 1, Singapore 118222","Singapore","Singapore","APAC","Sigma-Aldrich Pte. Ltd.",,"2128","Life Science","CTS","Testing","90","Tier 1 (NC)","Richard Guthrie",,"Richard Guthrie[Administrator]",,,,,,"Damon Zhu",,"Stage 1 | Site Vision Roamap (idea)",,,"Essential","Completed","N/A","Completed",,"Ongoing",,"35","20","57.1%","103.785092767854","1.29096882987388",,"11/13/2025 1:50 PM","Completed / Updated","6",,,,,,,,,,,,,,,
,"Singapore (Penjuru) (Local DC) (rented)","20 Penjuru Lane, Level 2, Singapore 609193","Singapore (Penjuru)","Singapore","APAC",,"PRP<br>P95","2128/SG01;
2128/7001","Life Science",,,,,,,,,,,,,,,,,,,,,,,,,,,,,,,,"Completed / Updated","372",,,,,,,,,,,,,,,
,"Singapore (W)",,,"Singapore","APAC",,,,"Life Science","ISCO","DC",,,,,,"Kalpesh Patil",,,,"Kalpesh Patil",,,,,,,,,,,,,"1","0","0.0%",,,,,"Completed / Updated","319",,,,,,,,,,,,,,,
"SGSI6","Singapore Lab",,"Singapore","Singapore","APAC",,,,"Life Science","ISCO","ISCO","25","Tier 1 (NC)","Qin Hong Wong",,"Qin Hong Wong",,,,,,"Damon Zhu",,,,,"Essential",,,,,,,,,,"1.29165134942599","103.784100971854",,"11/20/2025 2:38 AM","Update Pending","120",,,,,,,,,,,,,,,
"USSI1","Sinking Spring (W)",,"Sinking Spring (W)","United States of America","NASA",,,,"Life Science","ISCO","DC","10","Tier 1 (NC)","Michael Robbins",,"Michael Robbins",,,,,,,,,,,"N/A",,,,,,,,,,"40.3212297383901","-76.0491994256288",,"11/20/2025 2:40 AM","Completed / Updated","122",,,,,,,,,,,,,,,
,"Songdo (W)","113 Songdogukje-daero, 343beon-gil, Yeonsu-gu, Incheon, 21991 S. Korea","Songdo (W)","South Korea","APAC",,"PRP P95","2131/KR01, KR02;
1243/6526","Life Science","ISCO","DC",,"Tier 3","Emrae Jung",,"Emrae Jung","Kalpesh Patil",,,,"Kalpesh Patil","Damon Zhu",,,,,"N/A",,,,,,,,,,,,,"11/20/2025 8:19 AM","Completed / Updated","123",,,,,,,,,,,,,,,
"USSL3","St Louis Barton (W)","2425 South Second Street Saint Louis, MO 63104, USA
","St. Louis Barton (W)","United States of America","NASA","MilliporeSigma","PRP","2102/US51
","Life Science","ISCO","DC",,"Tier 1","Andrew Bates","Scott Chase","Andrew Bates","Michael Farragher",,,,"Michael Farragher","Manu Kaura",,,,,"N/A",,,,,,,,,,"38.6002116599223","-90.2026906522618",,"11/20/2025 1:10 PM","Completed / Updated","125",,,,,,,,,,,,,,,
"USSL7","St Louis Broadway",,"St. Louis Broadway","United States of America","NASA",,,,"Life Science","ISCO","ISCO","112","Tier 1","Michael Sumpter","Scott Chase;Jennifer Hazer","Michael Sumpter","Michael Sumpter",,"Michael Sumpter",,"Michael Sumpter","Manu Kaura",,,,,"N/A",,,,,,,,,,"38.5904454904108","-90.2170258473195",,"11/20/2025 1:12 PM","Completed / Updated","126",,,,,,,,,,,,,,,
"USSL4","St Louis Dekalb",,"St. Louis Dekalb","United States of America","NASA",,,,"Life Science","ISCO","ISCO","315","Tier 1","Michael Sumpter","Scott Chase;Trey Heath","Michael Sumpter","Michael Sumpter",,"Michael Sumpter",,"Michael Sumpter","Manu Kaura",,,,,"N/A",,,,,,,,,,"38.5885062779565","-90.2156452454717",,"11/20/2025 6:09 PM","Completed / Updated","129",,,,,,,,,,,,,,,
"USSL5","St Louis Ewing",,"St. Louis Ewing","United States of America","NASA",,,,"Life Science","ISCO","ISCO","229","Tier 1","Michael Sumpter","Scott Chase;Christina Scott","Michael Sumpter","Michael Sumpter",,"Josh Holtgrewe;Michael Sumpter",,"Michael Sumpter","Manu Kaura",,,,,"N/A",,,,,,,,,,"38.6279899657722","-90.2238889031411",,"11/20/2025 6:11 PM","Completed / Updated","130",,,,,,,,,,,,,,,
"USSL1","St Louis Spruce",,"St. Louis Spruce","United States of America","NASA",,,,"Life Science","ISCO","ISCO","300","Tier 1","Michael Sumpter","Scott Chase;Nicholas Torrence","Michael Sumpter","Michael Sumpter",,"Michael Sumpter",,"Michael Sumpter","Manu Kaura",,,,,"Premium",,,,,,,,,,"38.6321036119723","-90.2256325608117",,"11/20/2025 9:32 PM","Update Pending","131",,,,,,,,,,,,,,,
"USSL2 CDMO","St. Louis Cherokee","3300 South 2nd Street, St. Louis MO 63118","St. Louis","United States of America","NASA","Sigma-Aldrich Manufacturing LLC",,"2102","Life Science","ISCO (CDMO)","PAD / Mfg. / Testing","432","Tier 1","Pooja Mehta","Trey Heath;Scott Chase","Pooja Mehta","Ian Vance;Pooja Mehta","Pooja Mehta","Derrick Ruble;Ian Vance;Timothy Holdener","Pooja Mehta","Ian Vance;Pooja Mehta","Pradeep Daryani",,"Stage 1 | Site Vision Roamap (idea)",,,"Essential","Ongoing","Ongoing","Ongoing",,"Planning",,,,,"38.5910946755497","-90.2118024784512",,"11/20/2025 6:07 PM","Update Pending","127",,,,,,"Thomas Elliott",,,,,,,,,
"USSL2 ISCO","St. Louis Cherokee","3300 South 2nd Street, St. Louis MO 63118","St. Louis","United States of America","NASA","Sigma-Aldrich Manufacturing LLC",,"2102","Life Science","ISCO","ISCO",,,"Michael Sumpter","Jason Dillard","Michael Sumpter","Michael Sumpter",,"Michael Sumpter",,"Michael Sumpter","Manu Kaura",,,,,,,,,,,,,,,"38.590076","-90.211898",,,"Completed / Updated","332",,,,,,,,,,,,,,,
"FRSQ1","St. Quentin Fallavier (W)",,"St. Quentin Fallavier (W)","France","EMEA",,,,"Life Science","ISCO","DC",,"Tier 2","Laure Muller",,"Laure Muller",,,,,,,,,,,"N/A",,,,,,,,,,"45.6432972892452","5.09417454014761",,"11/21/2025 7:02 AM","Completed / Updated","132",,,,,,,,,,,,,,,
"UKST1","Stirling","Stirling University Innovation Park, Hillfoots Road, FK9 4NF Stirling","Stirling","Scotland","EMEA","BioReliance LTD",,"2037","Life Science","CTS","Testing","100","Tier 1 (NC)","Richard Guthrie","Roslyn Cameron","Samuel Pereira;Richard Guthrie",,,,,,"Omar Nadhour",,,,,"Essential",,,,,,,,,,"56.1425639201927","-3.91562621771866",,"11/21/2025 7:04 AM","Update Pending","134",,,,,,,,,,,,,,,
"SEST1","Stockholm (W)",,"Stockholm (W)","Sweden","EMEA",,,,"Life Science","ISCO","DC",,"Tier 2","Carlos Shao",,"Carlos Shao",,,,,,,,,,,"N/A",,,,,,,,,,"59.2380990623746","18.1916092393557",,"11/21/2025 7:08 AM","Completed / Updated","135",,,,,,,,,,,,,,,
"TWKU2","Taoyuan (W)",,"Taoyuan (W)","Taiwan","APAC",,,,"Life Science","ISCO","DC","20","Tier 1 (NC)","Michael Farragher",,"Michael Farragher","Kalpesh Patil",,,,"Kalpesh Patil",,,,,,"N/A",,,,,,,,,,"25.0640742785007","121.126550294589",,"11/26/2025 7:53 AM","Completed / Updated","278",,,,,,,,,,,,,,,
,"Taoyuan Zu Fu (Local DC)","No. 38, Ching Chien 4 Road,  Kuanyin Industrial Park, Taoyuan 32853, Taiwan","Taoyuan Zu Fu","Taiwan","APAC",,"P95","1266/7126","Life Science",,,,,,,,,,,,,,,,,,,,,,,,,,,,,,,,"Completed / Updated","374",,,,,,,,,,,,,,,
"USTA1","Taunton (W)",,"Taunton (W)","United States of America","NASA",,,,"Life Science","ISCO","DC",,"Tier 1 (NC)","David Cutter",,"David Cutter",,,,,,,,,,,"N/A",,,,,,,,,,"41.9373316947032","-71.1291245466118",,"11/26/2025 1:12 PM","Completed / Updated","279",,,,,,,,,,,,,,,
"USTE1","Temecula","28820 Single Oak Dr, Temecula, CA 92590, USA","Temecula","United States of America","NASA","MilliporeSigma","Oracle","1975/TEW - US","Life Science","ISCO","ISCO","161","Tier 1","Salim Shaikh","Ulrika Shelton","Salim Shaikh;Anthony B. WILLIAMS;Oscar Cachu","Salim Shaikh;Anthony B. WILLIAMS;Oscar Cachu",,,,"Salim Shaikh;Anthony B. WILLIAMS;Oscar Cachu",,,,,,"N/A",,,,,,,,,,"33.499693513347","-117.15946147448",,"11/26/2025 1:14 PM","Completed / Updated","280",,,,,,,,,,,,,,,
"USWO1","The Woodlands","9186 Six Pines Rd","The Woodlands","United States of America","NASA","Sigma-Genosys of Texas",,"2107","Life Science","ISCO","ISCO","79","Tier 3","Aaron Greenhill","Carlos Martinez","Aaron Greenhill","Aaron Greenhill",,"Aaron Greenhill",,"Aaron Greenhill","Manu Kaura",,,,,"N/A",,,,,,,,,,"30.1730705300185","-95.4596836099222",,"11/26/2025 11:12 PM","Completed / Updated","281",,,,,,,,,,,,,,,
"MXTO1","Toluca (W)","Calle 6 Norte 107, Parque Industrial Toluca 2000, 50200 Toluca de Lerdo, Méx., Mexiko","Toluca (W)","Mexico","NASA",,"PRD P70","2116/MXTO
1034/MX02","Life Science","ISCO","DC",,"Tier 3","Thalia Bernal",,"Thalia Bernal","Raul Faudoa",,,,"Raul Faudoa",,,,,,"N/A",,,,,,,,,,"19.7113122562853","-99.2409244524971",,"11/26/2025 11:14 PM","Completed / Updated","282",,,,,,,,,,,,,,,
"USUR1","Urbana",,"Urbana","United States of America","NASA",,,,"Life Science","ISCO","ISCO",,"Tier 1 (NC)","Andrew Mitchell","Eric Burton","Andrew Mitchell","Cindy Carrion",,,,"Cindy Carrion",,,,,,"N/A",,,,,,,,,,"40.1381394075746","-88.2266111030852",,"11/26/2025 11:15 PM","Completed / Updated","283",,,,,,,,,,,,,,,
"NLUT1","Utrecht",,"Utrecht","Netherlands","EMEA",,,,"Life Science","ISCO","ISCO",,,,,,,,,,,,"Not Assigned",,,,"Essential","Completed","Completed","Ongoing","Planning",,,,,,"52.083303","5.179099",,,"Update Pending","378",,,,,,,,,,,,,,,
"USVE1","Verona","1100 Kettle Moraine Trail, 53593 Verona, WI, USA","Verona","United States of America","NASA","SAFC, Inc.",,"2088","Life Science","ISCO (CDMO)","PAD / Mfg. / Testing","100",,"Nathan Roos","Jenny Fong","Nathan Roos","Nathan Roos","Nathan Roos","Scott Langer;Stephen Gilbert",,"Nathan Roos","Pradeep Daryani",,,,,,,,,,,,"1","0","0.0%","42.966922","-89.507828",,,"Completed / Updated","328",,,,,,,,,,,,,,,
"USVI1","Visalia (W)","8511 West Riggin Ave, Visalia, CA 93291, USA
","Visalia (W)","United States of America","NASA","MilliporeSigma","PRP Oracle P80","2213/US46;
1975/TEW-TEW;
1753/US56 - Visalia","Life Science","ISCO","DC",,"Tier 3","Brian Duarte",,"Brian Duarte","Yesenia Meraz",,,,"Yesenia Meraz",,,,,,"N/A",,,,,,,,,,"36.3559441880284","-119.384385604906",,"11/26/2025 11:17 PM","Completed / Updated","285",,,,,,,,,,,,,,,
"CNWU2","Wuxi",,"Wuxi","China","APAC",,,,"Life Science","ISCO","ISCO","189","Tier 2","Kaye Ning",,"Steven Du;Kevin Lv;Kaye Ning","Marco Sun",,,,"Marco Sun","Damon Zhu",,,,,"Premium",,,,,,,,,,"31.5258803164245","120.452833435506",,"11/27/2025 4:45 AM","Update Pending","286",,,,,,,,,,,,,,,
